listed_real_value,improvements_value,acres,n_homes,in_sfha
216500,149400,0.15,1,0
476100,381200,0.33,1,0
472400,337100,0.4,1,0
515500,375700,0.58,2,0
312300,211700,0.86,2,0
373200,278700,0.32,2,1
379000,260700,0.82,2,0
230500,129900,0.35,1,0
280000,208100,0.07,1,0
421200,308000,1.2,1,0
412200,296400,0.08,1,0
405000,272400,0.43,2,0
198600,150600,0.05,2,0
368900,257000,0.43,2,0
410400,309400,0.36,1,0
509000,340200,0.48,1,0
267700,172500,0.69,1,0
353500,237200,0.09,2,0
356900,220700,2.21,1,0
515000,370900,0.4,1,0
505000,343400,0.36,2,0
335500,215300,0.17,2,0
340200,221900,0.26,1,0
828900,706300,0.22,2,1
391800,280700,0.41,1,0
298600,210000,0.48,1,0
291600,185000,0.66,2,0
243600,147800,0.22,1,0
38300,400,0.19,1,0
441300,321300,0.63,1,0
344700,212700,0.81,1,0
237000,156300,0.23,1,0
370400,258000,1.37,2,0
275500,188300,0.31,1,0
607700,387200,37.55,2,0
470800,331900,1.6,1,0
296400,203600,0.14,1,1
421100,329100,0.12,1,1
388000,277600,0.61,1,0
262000,168900,0.15,1,0
280300,212100,0.06,1,0
301700,168700,0.19,1,0
823700,642400,0.89,1,0
463200,337500,0.77,1,0
298800,212800,0.35,1,0
161300,102150,0.35,2,0
270900,197900,0.1,1,1
285400,189600,0.22,1,0
308500,213500,0.2,1,0
377900,276900,0.36,1,0
610400,504100,0.5,1,1
499700,362400,0.14,2,0
298200,201900,0.37,1,0
310800,219900,0.42,1,0
272300,167800,0.08,1,0
527700,446600,0.24,2,1
308400,189000,1.09,1,1
634400,483800,0.38,2,0
262000,223000,0.05,1,0
302000,225000,0.11,1,0
562100,409800,0.41,1,0
271900,162000,0.38,1,0
365100,267700,0.4,1,0
307500,227700,0.2,1,0
341200,226300,0.73,1,0
339700,204100,0.11,1,1
346000,250200,0.57,1,0
250600,164300,0.09,1,0
359400,251000,0.71,1,0
255100,170900,0.16,1,0
379500,231600,10.0,4,0
489800,324800,0.6,1,0
449100,349200,0.33,1,0
321700,230000,0.24,1,0
299800,212800,0.43,1,0
384000,275900,0.7,1,0
333600,237300,0.37,2,0
350900,271700,0.18,1,0
436700,312200,0.26,2,0
413900,293700,0.17,1,0
528600,415100,0.47,1,0
329400,219500,0.38,1,0
444900,319300,1.09,1,0
225400,144000,0.25,1,0
226800,175800,0.5,1,1
495200,375700,1.11,1,0
406700,306100,0.86,1,0
550700,418100,0.94,1,0
531600,405700,0.29,1,0
255200,176700,0.16,1,0
390200,292600,0.27,1,0
416500,311800,0.29,1,0
373800,287100,0.42,2,0
393900,232200,0.61,1,0
404100,264100,0.19,2,0
522000,352600,0.49,1,0
379300,280300,0.81,2,0
503100,347600,1.84,1,0
360100,225900,0.98,1,0
220900,151700,0.1,1,1
462000,362500,0.32,1,0
219700,134900,0.36,2,0
425300,313800,0.42,1,0
306100,226900,0.18,0,
232400,186800,0.2,1,1
457000,309700,8.44,1,0
606400,489400,2.85,2,0
293500,188700,0.46,2,0
323200,232700,0.69,1,0
392300,255000,0.14,2,0
320000,204000,0.76,1,0
426000,279000,0.73,1,0
310000,215000,0.2,1,1
267500,153000,0.72,1,0
209600,166400,0.12,1,0
290500,193900,0.53,1,0
183400,137800,0.13,0,
182100,87800,0.18,2,0
417100,315000,0.39,1,0
358800,268700,0.07,1,0
554100,437700,0.22,1,0
321100,223500,0.27,1,0
402700,303200,0.32,1,0
233700,151100,0.29,1,0
273300,182200,0.71,2,0
510400,355500,1.75,1,0
174100,94300,0.2,1,0
46900,0,0.07,1,0
79200,0,0.18,1,0
80400,0,0.22,2,0
147200,80300,0.35,3,0
163700,106900,0.99,1,0
272800,227000,0.21,1,0
96100,0,0.23,1,0
289300,192200,0.75,1,0
564400,424100,3.36,1,0
229600,147300,0.28,1,0
426500,291400,0.1,1,1
207400,161400,0.15,1,0
363400,219500,0.26,2,0
291400,204300,0.43,1,0
351300,265200,0.4,1,0
227300,131300,0.05,1,0
245600,164900,0.23,2,0
254600,173500,0.24,2,0
584100,435100,3.15,3,0
253500,172400,0.24,1,0
344400,227000,0.38,1,0
335400,177600,4.5,3,0
263900,163000,0.5,1,0
387000,267800,0.15,1,0
238300,143600,0.83,1,1
298600,189700,0.57,1,0
308300,212500,0.22,1,0
321900,240700,0.38,2,0
306800,217900,0.49,1,0
330000,230900,0.31,1,0
389600,295700,0.17,1,0
142600,72800,0.93,2,0
279200,198500,0.23,1,0
247100,168600,0.29,1,0
295100,194500,0.35,1,0
376600,247900,0.49,1,0
480800,350600,0.56,1,0
665900,501900,0.4,2,0
397100,299100,0.28,1,0
582700,490300,0.26,1,1
327600,235600,0.12,2,1
652700,486900,0.43,1,0
288200,212100,0.21,1,0
383200,278800,0.45,1,0
279200,176500,0.24,2,0
400600,274600,1.16,1,0
373900,275100,0.3,2,0
766200,634000,2.11,1,0
897200,766600,1.86,2,0
578600,445100,2.3,2,0
384200,289800,0.82,1,0
391100,272400,0.14,1,0
437400,321000,0.77,1,0
428200,332400,0.22,1,0
295900,219300,0.37,1,0
238800,166600,0.13,1,0
296200,200100,0.23,1,0
380000,288700,0.1,1,0
309400,208400,0.36,1,0
339100,214400,5.5,2,0
290300,171500,1.0,1,1
276900,212100,0.06,1,0
447000,349000,0.28,1,0
346600,254500,0.59,2,0
447000,349300,0.41,1,0
424700,304300,0.64,1,0
397200,259900,0.14,1,0
330500,204100,0.3,1,0
435400,326700,0.53,1,0
884900,553000,70.03,2,0
390600,295400,0.55,1,0
396900,292200,0.55,1,0
357800,274100,0.14,2,0
459800,332500,1.35,1,0
392200,257000,0.67,1,0
214800,77600,9.3,5,0
359600,258200,0.37,1,0
298600,172100,1.0,2,0
475600,305000,21.2,3,0
239500,176400,0.47,1,0
485200,331000,1.65,2,0
226900,181800,0.17,2,1
264800,197500,0.16,1,0
219600,153300,0.13,1,0
473200,352600,0.18,1,0
317600,212800,0.46,1,0
406300,279400,0.31,2,0
268600,186300,0.28,2,0
318100,226900,0.37,1,0
310700,192000,0.14,1,0
572100,413900,4.21,1,0
539500,444900,0.19,0,
358400,235800,0.22,2,0
335700,234300,0.37,1,0
483300,359300,0.25,1,0
510400,371500,0.17,2,1
252000,158900,0.15,1,0
341300,235400,0.49,1,0
242200,175700,0.13,1,0
705900,548500,0.29,0,
369900,272000,0.72,1,0
304700,224300,0.22,1,0
349900,230200,0.16,1,0
392800,253900,0.17,2,0
444700,318800,0.29,2,0
232400,113000,1.09,2,0
450100,293400,9.48,1,0
170600,113200,0.06,1,0
409800,265900,0.26,1,1
161100,85000,0.21,1,1
272500,192400,0.21,2,0
624100,461900,0.37,1,0
387800,290500,0.26,1,0
266300,171100,0.34,3,0
491600,351700,0.32,1,0
602000,463100,0.56,1,0
957400,703600,18.31,3,0
297600,198300,0.82,1,0
336200,234100,0.39,1,0
316000,205800,0.29,1,0
321400,227500,0.17,2,0
281600,180100,0.89,2,0
199400,85200,0.17,2,0
547700,383800,0.62,1,0
581100,443200,0.73,1,0
273200,184400,0.16,1,0
242500,163600,0.17,1,0
263700,169100,0.19,1,0
325300,232400,0.77,2,0
357700,272500,0.37,2,0
367300,249100,0.13,1,0
341500,226300,0.41,1,0
262900,186000,0.23,1,0
308100,234900,0.25,2,0
360600,252800,0.54,2,0
260900,165900,0.2,2,0
259200,196300,0.46,1,0
324800,220400,0.76,1,0
321700,202500,0.15,1,0
251000,168000,0.3,1,0
404000,294100,0.38,1,0
496500,398500,0.28,1,0
288300,197700,0.21,1,0
418600,267300,1.2,1,0
422400,307900,0.39,1,0
439000,316400,1.59,2,0
357900,267700,0.53,1,0
240200,159800,0.22,1,0
410100,324000,0.4,1,0
317800,197200,0.18,2,1
416500,299200,0.11,2,0
401400,294000,0.85,1,0
346800,230800,0.21,1,0
264500,147700,0.1,1,0
301400,202300,0.31,1,0
343700,252600,0.56,1,0
700400,607300,0.28,2,1
245300,186300,0.69,0,
586100,435700,1.06,1,0
203400,111400,0.12,1,1
443700,298300,5.95,2,0
330000,252400,0.18,1,0
321900,226300,0.7,2,1
407700,287500,0.17,1,1
491400,373300,0.94,1,0
270600,184500,0.4,2,0
332000,252500,0.19,1,0
322400,228900,0.16,1,0
307800,186700,0.19,2,0
286900,192600,0.18,2,0
413600,281800,0.92,1,0
497300,357400,0.43,1,0
287800,206000,0.09,1,0
343100,260500,0.29,1,0
489400,380700,1.57,1,0
95700,95700,0.0,1,0
489400,354000,1.06,1,0
305300,221700,0.32,1,0
501100,351100,1.0,1,0
340200,215600,0.99,2,0
426700,354000,0.09,1,0
523700,429500,0.31,1,0
697100,581100,0.21,0,
606900,389100,6.1,2,0
538300,398500,0.58,2,0
333500,224400,0.06,1,0
496100,360100,0.5,2,0
351300,231100,0.17,2,1
348800,268400,0.22,2,0
270300,185500,0.36,1,0
350800,239400,1.22,2,0
328700,218300,0.61,2,0
352700,251700,0.36,1,0
331700,224100,1.4,2,0
509000,382600,0.3,1,1
461800,339200,0.22,2,1
291700,193300,0.79,1,0
389500,266000,0.24,2,0
661200,512500,0.67,1,0
316900,214800,0.39,1,0
588800,448300,1.84,1,0
348600,267900,0.23,1,0
468200,324800,1.14,1,0
271200,191700,0.19,1,0
121000,12100,2.4,3,0
238200,144300,0.17,1,0
372200,273100,0.31,1,0
286900,212900,0.14,1,0
406300,326900,0.32,1,1
381100,265600,0.2,1,0
396300,263800,0.18,2,0
250700,132000,0.14,2,0
496900,347800,0.98,1,0
364900,265800,0.31,1,0
432100,297300,0.33,1,0
325000,210100,0.06,1,1
571800,461000,1.89,2,0
1189500,1094100,0.21,1,0
530800,394300,0.51,1,0
291400,201100,0.2,1,0
522200,330100,31.35,2,0
497200,365700,2.49,1,0
292900,193800,0.31,1,0
285100,166700,2.0,1,0
399000,257300,0.22,1,0
329200,240900,0.47,1,0
294900,177200,3.2,1,0
1458400,962100,104.63,6,0
447500,350600,0.25,1,0
505400,365400,0.19,1,1
518700,319500,3.15,1,0
942500,546100,75.8,2,0
336400,249000,0.44,3,0
381700,282200,0.32,1,0
357100,252000,0.47,1,0
438800,351900,0.24,1,0
442600,348000,0.19,1,0
562400,471500,0.09,1,0
416500,316300,1.13,2,0
519500,399300,0.17,2,0
382900,284500,0.43,1,0
348400,250400,0.28,3,0
413700,290200,0.24,1,1
408100,253100,2.0,2,0
393900,284000,0.38,1,0
261800,183900,0.27,1,1
328300,230700,0.27,0,
342100,250300,0.58,1,0
651100,491900,0.32,2,0
363600,261100,0.4,1,0
253400,157800,0.7,1,1
282300,196900,0.52,1,0
377800,281700,0.23,1,0
318500,203100,0.07,1,0
399800,274800,0.27,1,0
466100,308000,0.44,1,0
315000,216600,0.29,1,0
256000,175300,0.23,3,0
330400,244000,0.41,1,0
359900,257400,0.4,1,0
319400,239000,0.22,1,0
248000,117000,0.9,2,0
867300,454300,91.58,4,0
426100,322100,0.44,1,0
265600,217400,0.14,1,0
451200,291600,2.47,2,0
376800,274700,0.39,1,0
239000,143100,0.71,2,0
320900,229600,0.1,1,0
370800,249200,0.2,1,0
509200,382300,0.31,2,0
293200,212100,0.24,2,0
264300,173200,0.56,1,0
428300,311500,0.78,1,0
524600,395700,0.53,1,0
309700,218700,0.22,1,1
278800,193000,0.39,1,0
547800,403400,9.5,2,0
436400,299100,0.27,1,0
203000,93400,0.07,1,1
428600,330200,0.29,1,0
462000,308800,0.22,1,0
400100,293100,0.52,1,0
306100,190600,0.2,2,0
563600,432600,1.93,2,0
293600,213200,0.22,1,0
306200,198100,0.17,2,0
394300,323800,0.14,1,0
158200,86000,1.15,3,0
288100,204200,0.33,1,0
575400,435400,0.19,2,0
254100,174500,0.32,0,
263000,177300,0.2,1,0
364400,264700,0.62,1,0
331800,210700,0.19,1,0
509800,458800,0.28,1,0
398200,281400,0.1,1,0
283300,223300,0.04,1,0
363800,264300,0.32,1,0
387300,273200,0.71,3,0
411500,293300,0.13,2,1
293600,200100,0.29,2,1
331000,232600,0.29,1,0
269300,224300,0.3,2,0
285900,217700,0.06,1,0
284800,227800,0.05,1,0
356300,247000,0.58,1,0
537700,375700,1.3,3,0
680500,561500,0.84,1,0
278000,208200,0.25,1,0
407300,270900,0.25,2,0
477900,322700,1.8,1,0
386100,278700,0.68,1,0
260100,180600,0.19,1,0
342500,245600,0.25,1,0
417700,300500,0.27,1,0
417900,321000,0.25,2,0
479400,342600,0.43,1,0
276400,195000,0.25,2,0
390900,294200,0.38,1,0
368300,276300,0.12,1,0
307500,207600,0.33,1,0
212300,135900,0.22,1,0
417900,294400,0.24,1,0
262700,181900,0.06,1,0
388100,261700,0.3,2,0
467900,326200,0.22,2,0
513400,375600,0.15,2,0
433500,294000,0.18,2,0
314600,223800,0.55,1,0
350200,243100,1.32,2,0
182900,117700,0.08,1,0
420500,273000,0.74,1,0
449300,333000,0.09,2,0
353700,256300,0.4,1,0
170100,97900,0.08,1,0
502400,380300,0.21,2,1
441500,319400,0.21,1,1
605800,366400,54.5,2,0
383500,282300,0.88,2,0
455800,263200,1.79,3,0
276000,189900,0.4,1,0
541000,320600,13.01,2,0
280700,185800,0.68,1,0
402300,258900,0.25,1,0
322100,229300,0.14,1,0
127500,64570,0.67,2,0
258700,170400,0.47,1,0
698000,489200,2.8,2,0
1093600,916900,0.85,1,0
324400,231200,0.78,1,0
211500,131400,0.21,2,0
331900,227100,0.46,1,0
687700,529900,0.51,1,0
359100,263000,0.23,1,0
229900,138600,0.23,1,0
311300,236100,1.03,2,0
482600,316800,19.0,3,0
381100,285000,0.23,2,0
353300,134900,27.9,2,0
319400,221400,0.28,1,0
382700,284300,0.29,1,1
266500,183500,0.3,2,0
415600,309800,1.13,1,0
341500,201700,7.41,3,0
261600,179000,0.29,1,0
346700,173700,7.6,1,0
336700,10900,63.03,3,0
492900,349200,0.86,1,0
259600,179200,0.22,1,0
620700,487600,0.44,1,0
464700,348900,0.08,1,1
349000,257800,0.37,1,0
219900,172400,0.1,1,0
417000,276400,0.2,1,0
402200,280600,0.91,1,0
407000,312100,0.33,1,0
228100,121700,0.13,1,0
330200,204700,1.07,1,0
440800,311000,0.55,1,0
291200,191700,0.46,1,0
262100,174000,0.14,2,0
533500,381900,0.9,1,0
273000,170100,0.41,1,0
355400,275300,0.21,1,0
260000,213500,0.25,1,1
310700,210800,0.33,1,0
251100,153800,0.26,1,0
430800,381600,0.19,2,0
417900,327000,0.09,1,1
328100,235400,0.27,1,1
1957300,423000,516.43,7,0
151500,110200,0.08,1,1
206100,122300,0.46,2,0
285400,192700,0.27,2,0
362300,243700,0.83,1,0
177500,117500,0.05,1,1
300500,164300,0.12,1,0
406800,280900,0.29,1,0
301000,183700,0.11,2,0
288800,201100,0.45,1,0
368500,272400,0.23,1,0
542900,373300,1.7,1,0
484800,356100,1.06,1,0
357600,263000,0.19,2,1
325900,226000,0.33,1,0
160800,101700,0.43,1,0
274300,192600,0.26,1,0
423300,301700,0.2,1,0
455800,306100,10.61,3,0
344000,248600,0.21,1,0
329300,204500,4.04,1,0
308600,226600,0.27,2,0
358900,256100,0.93,1,0
345100,197700,11.2,2,0
347200,269300,0.14,1,0
599400,453800,0.29,1,0
355300,256500,0.44,2,1
317200,240600,0.37,1,0
219700,142800,0.37,1,0
520600,376100,0.27,2,0
382900,256600,1.2,1,0
285700,184100,1.31,2,0
338600,205000,0.2,1,0
343700,219700,0.25,1,0
248100,157500,0.21,1,0
438200,325600,0.67,1,0
540100,397600,0.37,2,0
457300,338100,0.15,2,0
476800,348000,0.35,2,0
304900,227600,0.12,1,0
337500,253900,0.32,1,0
291900,193900,0.28,1,0
248800,167700,0.24,1,0
322100,230800,0.23,1,0
276700,173800,0.41,1,0
375200,274200,0.36,2,0
304000,220100,0.33,1,0
286100,208500,0.13,1,0
494700,338600,1.94,1,0
291400,143400,3.0,2,0
342400,190900,0.36,1,0
341600,227100,0.72,1,0
235400,160500,0.17,1,0
440700,351100,0.51,1,0
374700,294900,0.2,1,0
600400,452000,0.34,1,0
453500,331900,0.2,2,0
428800,278800,1.0,1,0
273000,194800,0.15,1,0
341900,232400,0.37,1,0
384400,286400,0.28,1,0
726600,629100,1.38,1,0
161000,88800,0.08,1,1
402600,283400,0.61,1,0
393200,286200,0.52,1,0
179200,91500,0.45,3,1
227100,138300,0.16,1,0
921800,556600,48.25,7,0
497500,361100,2.76,2,0
161200,77000,0.62,0,
585800,439600,0.3,2,0
240300,158000,0.28,1,0
201300,100300,0.36,1,0
280000,202700,0.25,2,0
364200,262100,0.39,1,0
376200,250300,0.29,0,
494100,373900,0.17,2,0
740700,635600,0.47,2,1
220900,130000,0.36,2,0
316600,213000,0.43,2,0
340100,243600,0.24,1,0
691800,520700,0.75,3,0
442800,351200,0.11,1,1
508100,417100,0.22,1,0
274500,173900,0.86,1,0
272700,191000,0.26,1,0
403600,306300,0.26,2,0
231500,150300,0.38,1,0
321800,185500,7.2,1,1
249300,169500,0.2,1,0
319200,221900,0.26,1,0
395800,252400,0.25,1,0
332400,252300,0.21,1,0
296500,174400,0.21,2,0
345400,220000,0.28,2,0
280700,183800,0.25,1,0
584600,447600,0.71,1,0
340000,214200,1.12,2,0
340300,246400,0.17,1,0
121300,79300,0.12,1,0
332500,235200,0.26,1,0
423900,355400,0.07,1,0
412000,318100,0.17,1,1
659000,481600,0.82,1,0
499700,384800,0.73,2,0
433700,328900,0.46,1,0
238600,152300,0.09,1,0
371200,275200,0.36,2,0
350000,230300,0.16,1,0
325500,232700,0.14,1,0
383100,278000,0.47,1,0
813200,623500,12.5,1,0
275400,180000,0.21,1,1
620100,454800,5.33,1,0
311100,215700,0.21,2,1
448100,346000,0.39,1,0
493100,360900,0.42,1,0
705700,553800,1.29,1,0
240800,144300,0.24,1,0
319900,239800,0.21,2,0
639700,495800,0.26,2,0
430200,307200,0.4,1,0
392200,257200,0.48,1,0
265800,171500,0.18,1,0
426500,316200,0.39,1,0
367200,271600,0.35,1,0
461600,364700,0.25,1,1
13700,0,4.2,0,
470400,347400,0.23,1,1
308900,213700,0.34,1,0
358100,267000,0.71,1,0
399900,278800,1.7,1,0
130700,34700,0.36,1,0
321800,215500,0.5,2,0
305300,209500,0.22,1,0
466400,325100,1.2,2,0
518600,302500,5.65,1,0
314700,262800,0.33,1,0
281200,201100,0.21,1,0
332300,212500,0.52,1,0
268700,150800,0.81,1,0
268300,188200,0.21,1,0
337300,230800,1.3,2,0
652300,512800,0.18,2,1
442000,302000,0.19,1,0
301900,215500,0.41,1,0
404900,281700,0.6,2,0
286400,176500,0.38,1,0
311300,211800,0.32,3,0
201900,99600,1.23,2,0
576600,387300,1.28,2,0
240300,159600,0.23,1,0
263100,167300,0.22,1,0
348100,217500,0.69,1,0
407000,286900,0.3,1,0
442800,323400,0.85,1,0
342400,221300,0.19,1,0
609600,460500,5.0,1,0
253100,175600,0.25,2,1
385000,285500,0.32,1,0
228700,144500,0.34,1,0
87900,87900,0.0,1,0
346800,270100,0.23,1,0
408400,261000,9.84,1,0
308700,206600,0.76,1,0
279000,198600,0.22,1,0
590700,428100,7.08,1,0
231500,151700,0.2,2,0
438900,293500,2.6,1,0
576900,437000,0.32,1,0
528500,419100,1.68,1,0
349000,225600,1.7,1,0
371100,250200,0.89,1,0
368800,258000,0.62,2,0
443300,328100,0.9,1,0
388800,307600,0.2,1,0
479600,376300,0.42,1,0
261600,157600,0.44,1,0
301900,210900,0.22,1,1
324400,193700,0.39,1,0
291100,195300,0.22,2,0
411100,269000,2.13,1,0
624300,473000,3.5,2,0
280200,194100,0.4,1,0
282100,177700,1.7,1,0
300500,224100,0.22,1,0
325500,207500,0.58,1,0
662200,520300,1.68,2,0
296700,177500,0.15,1,0
281000,185100,0.87,1,0
327700,231400,0.37,1,0
397800,280000,0.12,1,1
619900,501700,0.13,1,0
273000,192900,0.21,1,0
388400,271600,0.1,1,1
430700,334600,0.23,1,0
202100,106100,0.05,1,0
479200,389400,0.06,1,0
487800,363800,0.25,1,0
487800,361200,0.33,1,0
334500,229400,1.02,1,0
412100,339400,0.09,1,0
1013500,877500,0.5,1,0
302100,206700,0.21,1,0
312300,213200,0.31,2,0
234000,154500,0.19,1,0
352200,248200,0.44,1,0
257800,173900,0.33,2,0
343500,243500,1.03,1,0
284600,205100,0.19,1,0
429600,289300,0.59,1,0
227000,144700,0.28,1,0
206400,156600,0.22,1,0
417100,286000,0.58,1,0
424900,313000,0.65,2,0
488500,365000,0.41,1,0
433900,312200,1.45,1,0
332200,221600,0.3,1,0
796700,602000,15.92,3,0
148000,106600,0.09,1,0
543300,399700,1.55,1,0
322100,233200,0.49,1,0
211500,118400,0.28,1,0
532600,411500,0.19,2,0
370900,198800,8.13,2,0
429900,328900,0.36,1,0
410300,276700,0.2,1,0
279500,199400,0.21,2,0
248300,166900,0.25,1,0
424900,296300,0.41,1,0
356200,261300,0.33,1,0
466200,372300,0.17,1,0
254900,163600,0.1,1,0
487100,383500,0.43,1,0
395600,301100,0.32,1,0
361400,240300,0.19,2,0
435200,304000,0.4,1,0
584600,418200,0.44,1,0
347500,246500,0.36,1,0
231300,154900,0.22,1,0
545500,253500,80.6,3,0
308700,167100,0.15,1,0
239400,160200,0.18,1,0
178900,122800,0.21,1,0
295700,214700,0.29,2,0
384200,256400,0.33,2,0
582900,429100,0.23,1,0
587600,477900,1.72,1,0
310000,235800,0.14,2,1
689400,545900,0.4,2,1
293000,213600,0.32,2,0
458000,341100,0.4,1,0
443500,310700,2.2,1,0
367600,274500,0.15,1,0
472600,361500,1.94,1,0
572800,428100,1.36,2,0
356600,241300,0.74,1,0
489300,341500,0.33,2,0
306900,212700,0.52,1,0
460200,358100,0.39,1,0
796300,632300,0.4,1,0
289300,208200,0.24,1,0
221100,167800,0.4,1,0
457800,341400,0.44,1,0
240700,144700,0.05,1,0
509300,391500,0.12,1,0
360500,235600,0.64,1,0
317500,223600,0.17,1,1
279000,188500,0.86,1,0
338900,240100,0.3,1,0
471600,336700,2.01,2,0
165400,83100,0.28,2,0
330700,215400,0.74,1,0
346300,243800,0.4,1,0
384300,282600,0.52,2,0
247000,153100,0.17,1,0
375800,273300,0.4,1,0
563000,426200,0.43,1,0
339800,272700,0.65,1,0
478200,319300,0.68,2,0
322800,200700,0.21,1,0
338200,219000,0.15,1,0
391000,295100,0.71,1,0
282700,186200,0.73,1,0
383300,253400,0.76,2,0
452200,295500,0.49,2,0
296700,207100,0.51,3,0
284000,201700,0.28,1,0
521800,381800,0.19,1,0
557500,422900,0.47,1,0
409100,305800,0.42,1,0
150900,97840,0.0,1,0
350400,252800,0.27,2,0
129800,87000,0.17,0,
476200,360900,0.74,1,0
413800,322800,0.22,2,0
230700,132000,0.8,1,0
541600,407300,0.65,1,0
385200,279700,0.48,1,0
286200,183700,0.4,1,0
335500,196500,0.24,1,0
284900,190400,0.32,1,0
317900,219800,0.78,1,0
353100,224600,2.49,2,0
447100,330300,0.1,1,0
284800,196000,0.16,1,0
219800,129700,0.07,1,0
475000,353400,0.2,2,0
219900,173600,0.24,1,1
453900,308600,1.47,1,0
440800,352000,0.16,1,1
336000,215900,1.2,2,0
474800,383500,0.1,1,1
198700,122900,0.34,1,0
318500,170700,4.0,2,0
233300,142000,0.1,1,0
308100,223600,0.17,1,0
404100,292600,0.42,1,0
480200,367500,2.18,2,0
442900,352100,0.55,1,0
239000,148000,0.22,1,0
426400,373900,0.36,1,0
193700,147900,0.14,2,0
181800,101200,0.36,1,0
249900,149300,0.35,1,0
300700,191100,0.07,2,0
486300,330800,1.85,1,0
335000,243000,0.74,1,0
351300,240200,0.41,1,0
362800,261400,0.37,1,0
396200,305900,0.2,1,0
385000,262000,0.23,2,0
327200,163000,0.78,1,0
235000,149900,0.51,1,0
486000,358500,0.5,2,0
265700,166900,0.3,1,0
430300,302000,0.48,1,0
355300,246000,0.58,1,0
330400,214300,2.7,4,0
360500,259900,0.35,1,0
343800,246200,0.27,1,0
234100,152400,0.26,1,0
374400,272600,0.38,1,0
261000,181500,0.19,2,0
630300,464600,0.81,2,0
277400,195100,0.28,1,0
270300,172300,0.28,1,0
413600,285300,0.48,1,0
314700,226200,0.15,1,0
310200,259400,0.27,2,0
402500,354300,0.14,1,0
319500,225600,0.17,1,0
201000,151000,0.51,1,0
353300,254900,0.29,1,0
352200,217800,9.0,4,0
375800,270000,1.13,1,0
319100,197500,0.67,2,0
176100,127300,0.17,1,0
433300,279000,12.2,2,0
258400,174500,0.47,2,0
316300,194700,0.91,1,0
289300,209200,0.21,1,0
417000,325700,0.1,0,
200000,114500,0.38,2,0
290400,195000,0.21,1,0
304100,218300,0.39,1,0
330000,238700,0.1,1,1
353400,245500,0.33,1,0
198400,118000,0.22,1,0
591100,410400,13.37,1,0
305000,194600,0.61,2,0
313500,224600,0.36,1,0
336000,229600,0.13,2,0
224000,178200,0.14,1,0
222600,129800,0.14,1,0
220300,139200,0.24,1,0
363500,241100,1.7,1,0
286500,197900,0.48,1,0
755800,600600,1.8,2,0
223200,145000,0.15,1,0
383500,226200,0.65,1,0
442700,390600,0.34,1,0
685000,553300,0.41,2,0
425000,332200,0.14,2,1
487800,391800,0.36,2,0
401900,329200,0.23,1,0
278600,202300,0.09,1,0
474300,304200,0.65,1,0
316500,180100,0.13,1,0
162700,120700,0.12,1,1
260600,170500,0.07,1,0
269300,165500,0.58,2,0
365400,242800,0.22,2,0
305300,187100,0.13,1,1
281000,176600,0.45,1,0
351300,262800,0.15,1,0
458500,322700,0.41,1,0
341300,216800,0.26,2,0
314200,178000,0.25,1,0
327500,235500,0.74,1,0
265900,164100,0.38,1,0
344700,228300,0.54,1,0
368800,263300,0.48,1,0
364200,241200,0.23,1,0
719900,561600,2.28,1,0
438800,312200,0.48,1,0
466400,346800,0.29,1,0
382700,267500,0.51,1,0
717800,559500,3.81,2,0
220800,140400,0.22,2,0
291200,202400,0.5,1,0
80900,80900,0.0,1,0
253500,172800,0.23,1,0
378900,284400,0.32,1,0
309000,201700,0.15,2,0
367600,267000,0.35,2,0
183600,109900,0.13,1,0
215100,59000,36.05,2,0
288200,205900,0.28,1,0
500000,345100,1.75,1,0
204100,129100,0.05,1,0
315400,238800,0.22,1,0
323900,229700,0.31,1,0
287900,202400,0.38,1,0
360100,248600,0.46,1,0
348600,245000,0.43,1,0
510900,357300,0.7,1,0
364000,224000,0.19,2,0
423900,293000,0.15,1,0
701500,510100,9.5,1,0
246500,162900,0.32,1,0
298900,202800,0.58,1,0
328700,223900,0.46,2,0
612800,490000,0.59,1,0
314000,233300,0.23,1,0
335000,229100,0.49,2,0
321300,192500,0.11,1,0
434700,319900,0.5,1,0
273800,182900,0.09,1,0
276200,185300,0.09,1,0
271800,221400,0.25,1,0
167000,76500,0.08,1,0
356800,261000,0.22,1,0
374800,276400,0.29,1,0
225900,134300,0.11,1,0
222200,149500,0.09,2,1
453900,357800,0.23,2,0
301500,220000,0.08,1,0
535500,360900,2.48,1,0
355800,255500,0.34,1,0
253100,195700,0.61,2,0
459000,340300,0.14,1,1
396300,275200,0.55,1,0
410300,313600,0.38,1,0
389200,269000,0.17,1,0
325200,225700,0.32,1,0
225500,145400,0.21,1,0
324400,205700,0.14,2,0
328400,203000,0.28,2,0
327900,215600,0.13,1,0
456000,313800,1.34,1,0
190000,95500,0.32,1,0
331700,240800,0.09,1,0
489600,383100,2.03,1,0
444000,307100,0.93,1,0
240100,144300,0.22,1,0
325000,250900,4.35,1,0
476200,270900,25.4,4,0
386100,264500,0.2,1,0
806800,635000,0.53,2,0
312000,262600,0.2,2,0
645900,525400,1.26,3,0
407300,306700,0.35,2,1
374800,255100,0.16,1,0
293400,194600,0.44,1,0
337100,241300,0.22,2,0
438300,322400,4.95,2,0
346200,244400,0.38,1,0
268300,166100,0.91,2,0
279100,152700,1.22,2,0
274100,171700,0.54,1,0
512300,371100,0.21,1,0
455400,332400,0.23,2,0
321800,236000,0.39,1,0
451400,280100,16.5,2,0
261000,164900,0.23,2,0
374900,254500,1.5,2,0
413200,335000,0.15,1,0
354800,235900,1.01,1,0
293400,201700,0.73,1,0
278700,197600,0.52,1,0
414300,287400,0.31,2,0
422900,241500,11.2,3,0
338700,212200,1.23,1,0
346600,234700,0.43,1,0
329300,227200,0.39,3,0
358900,232500,0.3,1,0
386200,289900,0.37,1,0
331600,213400,0.13,1,0
375900,278600,0.26,1,0
586100,459700,0.3,1,1
245700,202400,0.2,1,0
764300,641500,0.36,2,0
579500,456500,0.4,1,0
469800,338200,1.51,1,0
279600,165900,0.16,1,0
900300,794600,1.1,2,0
278500,166800,1.26,1,0
273200,193100,0.21,1,0
256800,176100,0.23,1,0
398200,304200,0.65,1,0
493100,339100,1.62,1,0
289400,181000,0.95,1,0
300600,198100,0.4,1,0
286800,209800,0.11,1,0
471900,379900,0.12,2,0
431100,319200,0.33,2,0
306500,188300,0.13,2,0
329400,232000,0.4,2,0
425500,304400,0.19,2,0
404500,257900,0.11,1,0
594700,445700,0.77,2,0
400400,282500,2.22,2,0
442800,301700,1.94,1,0
240800,158800,0.27,2,0
393500,280100,2.29,1,0
332400,184000,0.14,1,0
570000,402800,10.02,1,0
284100,202400,0.26,1,0
294600,204800,0.06,1,0
282800,162300,0.31,1,0
858700,323800,152.4,7,0
278600,190600,0.46,1,0
361000,255500,0.48,2,0
423500,302600,1.32,1,0
505800,369100,0.92,1,0
231700,145700,0.08,2,0
329300,225900,0.95,1,0
307900,227500,0.22,1,0
323600,245400,0.15,1,0
371100,250200,0.89,1,0
340100,241300,0.44,1,0
328400,198200,0.38,1,0
280600,200800,0.2,2,0
301500,222000,0.19,1,0
434700,305700,1.62,2,0
486800,365500,0.9,1,0
390800,251900,0.17,2,0
368500,271200,0.26,1,0
297100,205800,0.23,1,0
475100,348000,0.49,2,0
426600,279600,0.89,2,0
500200,345800,0.24,2,0
383600,278500,0.47,1,0
291200,172000,0.15,0,
309400,199800,0.07,1,0
628500,484900,1.23,1,0
372100,283500,0.48,1,1
306000,212300,0.64,1,0
342700,175200,6.73,1,0
281200,196700,0.17,1,0
475100,365900,1.64,1,0
373700,293000,0.23,1,0
646500,474000,2.16,1,0
507300,365600,0.22,1,0
337200,239200,0.28,1,0
320800,223900,0.25,1,0
360200,242900,0.11,2,0
215900,178100,0.03,0,
412100,290000,0.21,1,0
487100,331900,1.8,1,0
326400,221600,0.46,1,0
261100,163100,0.94,1,0
244800,164700,0.21,1,0
384100,288000,0.23,1,0
206100,146100,0.05,1,1
264400,165600,0.3,1,0
155500,100800,0.15,2,0
343300,260700,0.29,2,0
482000,356800,4.1,1,0
379100,288200,0.42,1,0
246900,176100,0.15,2,1
236600,154900,0.26,1,0
210600,163600,0.28,1,1
342800,243400,0.68,3,0
345600,248000,0.27,1,0
458500,314600,0.26,1,0
274400,195600,0.3,1,0
285700,195800,0.52,1,0
230000,140800,0.17,2,0
372600,280600,0.12,1,0
303000,220900,0.1,1,0
562400,384200,1.02,1,0
365900,267100,0.3,1,0
532800,376800,6.3,1,0
270300,167800,0.4,1,0
389000,296600,0.26,2,1
198100,108200,0.52,1,0
315500,256300,1.16,1,0
338500,260600,0.27,1,0
214200,120000,0.31,2,0
335600,238300,0.26,1,0
57500,9700,0.12,1,0
279500,195600,0.33,1,0
207000,119600,0.12,1,1
313500,195700,0.12,1,0
416300,297400,0.55,1,0
365200,243600,0.2,1,0
309100,222400,0.42,1,0
295500,208100,0.12,2,0
440000,322700,0.11,2,0
327600,224000,0.43,1,0
242900,153000,0.52,1,0
268900,172800,0.23,1,0
399400,290100,0.58,1,0
394900,302300,0.76,2,0
486800,368200,0.49,1,0
539700,403500,0.12,1,0
330300,221500,1.59,2,0
426900,346200,0.23,2,1
494100,336300,4.5,3,0
260400,188200,0.08,1,1
323500,226200,0.26,2,0
351900,231300,0.18,2,0
267200,169800,0.4,1,0
240800,149500,0.23,1,0
586900,455700,0.4,1,0
284100,189200,0.33,2,0
377700,270700,0.52,1,0
418400,296000,0.69,1,0
376900,259600,0.11,1,0
265100,164500,0.35,1,0
226400,181000,0.32,1,0
320700,246100,0.16,2,1
472000,402800,0.23,1,1
331000,237500,0.16,1,0
349500,256700,0.14,1,0
658300,503300,4.08,1,0
293700,220700,0.1,1,0
478000,329100,0.35,1,0
287800,196500,0.23,1,0
408200,255600,0.21,1,0
514000,378500,0.49,2,0
384100,256300,0.71,2,0
353700,247400,0.5,1,0
478400,318300,1.01,3,0
397400,296200,0.88,2,0
413500,283700,0.37,1,0
377200,271300,0.49,1,0
494600,346800,0.95,1,0
732300,609700,0.22,1,0
335900,240700,8.9,1,0
481800,330600,1.19,1,0
447100,350100,0.39,1,0
344800,250900,0.17,2,0
497600,332800,0.75,1,0
312800,196000,0.78,1,0
394700,294100,0.49,1,0
416400,299100,0.11,1,0
369500,269600,0.33,1,0
293300,191200,0.39,1,0
275800,158900,0.23,1,0
507800,359700,3.01,1,0
462200,361600,0.35,2,0
325500,243200,0.28,2,0
391300,279400,0.65,1,0
317900,220800,0.75,2,0
286900,206200,0.23,1,0
370100,274500,0.35,2,1
359400,269900,0.18,2,0
317000,212300,0.76,2,0
178200,103600,1.5,2,0
430100,306600,0.96,1,0
345500,250100,0.21,1,0
314200,170300,4.5,1,0
352100,226700,1.06,2,0
108800,35800,0.1,2,0
499800,388300,0.42,1,0
326400,244700,0.55,1,0
275800,200900,0.17,1,0
306100,215100,0.22,1,0
166700,89100,0.26,1,0
374300,275200,0.31,1,0
261500,155200,0.5,2,0
539000,405900,0.44,2,0
722600,588500,0.21,2,0
304300,174400,0.13,1,0
258300,165200,0.15,1,0
253400,177100,0.06,1,0
477000,393200,0.15,1,0
352500,244700,1.87,1,0
346900,255400,0.57,1,0
321100,217700,0.95,2,0
794600,605400,0.82,1,0
588600,467000,0.2,1,0
468000,344300,0.38,2,0
286700,190600,0.23,1,0
716400,556400,0.55,1,0
578600,477200,0.37,2,0
386600,277600,0.19,1,0
265700,181200,0.35,2,0
318100,226800,0.1,1,0
269600,170500,0.31,1,0
330700,251800,0.17,2,0
532700,389200,12.0,1,0
479600,356100,0.24,1,0
250600,174300,0.09,2,0
399700,303900,0.22,1,0
329300,243200,0.4,1,0
322100,228300,0.3,2,0
211500,165500,0.15,1,0
443100,299400,0.66,2,0
313400,190400,0.23,1,0
346800,231400,0.07,2,0
488900,356000,0.62,1,0
283900,161800,1.5,1,0
417500,295500,0.92,1,0
238000,165200,0.0,1,0
381400,301600,0.2,1,0
404800,294700,1.02,2,0
301400,224100,0.12,1,1
718600,604200,2.45,2,0
274300,178300,0.04,1,0
280000,183900,0.23,1,0
241700,139200,0.92,2,0
414900,295700,0.15,1,0
259300,212400,0.27,1,1
389500,252400,0.93,2,0
403600,309000,0.67,1,0
632600,503100,1.69,1,0
289300,182600,0.13,1,0
301200,212600,0.48,2,0
269600,177300,0.33,1,0
439500,318900,0.18,1,0
299700,245700,0.04,1,0
281800,174800,0.52,1,0
260800,180100,0.23,2,0
234000,141200,0.14,1,0
293600,243400,0.24,1,0
369000,290800,0.15,1,0
476600,399600,0.11,1,0
312200,207200,1.0,1,0
305100,223700,0.25,2,0
538300,381600,0.49,1,0
376100,275800,0.34,1,0
465400,355100,0.39,1,0
311100,263100,0.13,2,0
275400,195300,0.21,1,0
641400,471100,1.81,1,0
290700,208400,0.57,1,0
220300,125400,0.33,1,0
542100,404600,0.9,1,0
411800,265400,1.7,2,0
250000,113600,1.22,1,0
468600,275600,3.0,1,0
571900,420300,2.5,2,0
338300,201500,0.43,1,0
273800,197500,0.09,1,0
554200,420700,2.3,3,1
506500,312500,2.0,1,0
429300,328700,0.35,1,0
366900,261400,0.48,2,0
169800,98500,0.05,1,0
364400,288300,0.21,2,0
485000,347100,0.95,1,0
249100,169300,0.2,1,0
461900,349300,0.67,2,0
429400,346400,0.3,1,0
266800,177000,0.06,1,1
424700,326700,0.28,1,0
347300,206100,0.21,1,0
320200,205300,0.06,1,0
508600,387000,0.2,1,1
309000,216500,0.4,2,0
462900,342000,0.89,1,0
372400,278200,0.31,1,1
293400,192300,1.22,1,0
450400,339300,0.63,1,0
322600,245800,0.04,1,0
543000,420900,0.21,1,0
405400,321800,0.32,2,0
327000,246400,0.36,1,0
357200,256600,0.35,1,0
300300,222100,0.28,1,0
246400,160800,0.07,1,0
334200,240000,0.45,1,0
371000,200000,15.03,4,0
338700,217600,0.19,2,0
311200,190100,0.19,1,0
311200,225900,0.06,2,0
397000,252400,0.68,1,0
402500,300700,0.38,2,0
403500,264200,3.2,1,0
286800,191400,0.21,1,0
626400,482200,0.87,2,0
429900,300500,0.12,1,0
328900,190000,0.56,1,0
263200,183100,0.21,1,0
251700,174100,0.13,2,0
456200,337000,0.15,1,0
408800,287200,0.2,1,0
345200,234100,0.41,1,0
283500,203400,0.21,1,0
210000,134100,1.7,3,0
909700,728800,8.32,1,0
497000,384100,0.28,1,0
330100,211800,0.26,1,0
411900,301900,1.0,3,0
322500,223400,0.31,1,0
385900,276800,0.36,1,0
305300,203900,0.37,1,0
578700,420100,7.05,2,0
387900,256500,0.91,1,0
338600,232000,0.51,1,0
384800,325100,0.73,2,0
274900,187200,0.45,1,0
280400,173700,0.9,2,0
300600,212100,0.15,1,0
761900,561200,1.1,1,0
381800,279700,0.39,1,0
271200,198500,0.09,1,0
470700,330100,0.2,2,0
442400,352600,0.06,1,0
303500,196100,0.53,1,0
327600,232300,0.85,1,0
551700,416100,0.68,1,0
363300,254900,0.71,1,0
438600,318400,0.17,2,0
317400,239800,0.13,2,0
291200,210800,0.22,3,0
215200,166600,0.16,1,0
258100,177700,0.22,1,0
299300,203200,0.23,1,0
398900,284000,0.19,1,0
250700,169600,0.24,2,0
449000,373300,0.33,2,0
270400,189700,0.23,1,0
257700,173900,0.28,1,0
310600,216300,0.18,1,0
411000,293700,0.3,1,0
448300,326900,1.4,2,0
391300,235900,1.83,1,0
245900,162000,0.33,1,0
267700,184400,0.31,4,0
446600,316500,0.88,1,0
293800,197600,0.72,1,0
329500,230500,0.81,1,0
352400,255100,0.26,1,0
431800,308800,0.23,1,0
426300,300800,1.07,1,0
162600,100600,0.42,1,0
547700,368800,1.25,1,0
350200,292500,0.07,1,1
268000,176500,0.57,2,0
228600,149700,0.17,1,0
349500,225500,0.25,2,0
436900,317200,0.16,1,0
528400,400600,0.33,1,0
529700,404900,0.44,1,0
190800,130900,0.05,1,1
462400,358400,0.44,1,0
369500,233500,0.5,3,0
369000,287600,0.25,2,0
491400,406600,0.36,1,0
231000,183700,0.22,1,0
625600,541400,0.34,0,
369000,292300,0.1,1,0
493100,416100,0.11,1,0
286000,208100,0.14,1,0
316500,225300,0.36,1,0
631500,440800,1.44,2,0
358500,239800,0.14,1,0
455300,338100,0.56,1,0
415400,296700,0.33,1,0
507900,366000,0.82,1,0
413300,317900,0.21,1,0
481800,325400,1.99,1,0
785000,623400,0.36,1,0
625400,447300,1.7,1,0
283500,203700,0.2,1,0
505400,357600,0.95,1,0
453300,331200,0.21,1,1
280800,189500,0.1,1,0
519600,314000,14.66,1,0
299900,229000,0.3,1,0
234800,153500,0.07,1,0
317800,229100,0.63,1,0
638000,518400,0.29,1,0
851900,725000,0.31,2,0
352700,247200,0.48,1,0
243600,163200,0.22,1,0
411700,281500,0.56,1,0
76700,76700,0.0,2,0
368400,269700,0.8,1,0
293300,168800,0.26,1,0
355100,255200,0.33,1,0
282800,186700,0.23,1,0
528300,342800,1.85,2,0
365300,267300,0.28,1,0
313900,225900,0.6,2,0
253100,172400,0.23,2,0
343300,244200,0.31,1,0
293300,200700,0.41,2,0
584200,453100,1.94,3,0
398700,284400,0.49,1,0
398700,295800,0.41,1,0
300900,204800,0.23,1,0
386400,301000,0.52,2,0
277400,246200,0.04,1,0
316400,203000,2.29,2,0
423800,299800,0.25,1,0
761400,578200,0.72,1,0
522300,385200,2.86,1,0
289100,191000,0.78,2,0
284000,185600,0.29,1,0
137800,94900,0.31,2,1
399000,247200,0.33,1,0
373500,263300,0.76,1,0
466400,357300,0.36,1,0
420000,320100,0.33,1,0
335200,231200,0.44,2,0
277300,182300,0.2,1,0
312000,189400,0.22,2,1
300100,181900,0.13,2,0
323500,231700,0.58,1,0
323800,231800,0.12,1,0
354400,231600,0.36,1,0
296200,224300,0.19,1,0
308200,206400,0.38,2,0
451800,354200,0.27,2,0
318300,227200,0.56,1,0
327300,235700,0.11,2,0
271900,157000,0.06,1,1
671900,482300,1.33,1,0
488600,352700,1.14,1,0
271100,168600,0.4,1,0
759000,621900,1.32,2,0
438800,318200,0.18,1,0
434800,310800,0.25,2,0
348000,252400,0.35,1,1
284800,209000,0.2,1,0
282500,171600,1.9,2,0
308000,227300,0.23,1,0
233800,132500,0.51,2,0
476500,329600,0.93,1,0
414600,299400,0.9,2,1
458000,343700,0.39,1,0
676900,545700,0.4,2,0
361400,286400,0.05,1,0
430800,281100,0.69,1,0
289100,158100,0.54,1,0
382400,254200,0.72,1,0
345900,170100,1.0,1,0
402000,283800,0.13,1,0
444900,265500,10.5,2,0
370200,268800,0.37,1,0
400600,275700,0.75,1,0
383200,283100,1.82,1,0
365400,238000,0.32,1,0
277800,158600,0.15,1,0
593900,495500,0.29,1,0
563400,432700,0.39,1,0
452400,302300,1.01,1,0
249600,169800,0.2,1,0
637600,482700,1.75,1,0
394300,271700,0.22,1,0
361900,259800,0.39,1,0
418600,296000,0.22,2,0
345500,224900,0.18,1,0
340000,247600,0.26,1,0
187100,127200,0.05,1,1
657300,495600,0.58,1,0
415800,310400,1.06,1,0
256300,167500,0.16,2,0
344800,234800,0.08,1,0
319200,200000,3.18,3,0
189000,102700,0.09,1,0
312200,214600,0.27,1,0
364000,260700,0.42,2,0
238600,177400,0.44,2,0
227100,134300,0.14,0,
397900,284400,1.54,1,0
402900,259500,0.25,1,0
393600,286000,1.4,1,0
316600,202900,0.06,1,0
446000,311500,0.09,2,1
413000,291400,0.2,2,0
501400,349100,0.41,1,1
455100,294700,0.34,2,0
382600,247000,0.64,1,0
734900,573600,4.1,1,0
519900,380200,0.77,1,0
426600,318600,0.41,2,0
510600,366000,1.32,1,0
232800,154900,0.27,2,0
327300,234900,0.6,1,0
340400,243100,0.26,1,0
386500,285900,0.35,1,0
300700,222200,0.16,1,0
551100,300000,3.25,4,0
271900,170800,1.7,2,0
270600,166100,0.6,1,0
256000,134400,0.2,3,0
558100,446200,0.33,1,0
336500,219700,0.1,2,0
344000,255900,0.14,2,0
239600,156100,0.14,2,0
318400,201100,0.11,1,0
302500,207500,0.2,2,0
211200,130500,0.23,1,0
352800,260800,0.25,1,0
237100,141000,0.23,2,0
217400,130400,0.11,2,0
364000,247200,0.1,2,0
217800,167000,0.27,1,0
387200,276600,0.77,1,0
385600,283500,0.39,1,0
332300,239200,0.28,2,0
329600,234000,0.35,1,0
272600,167800,0.46,1,0
387200,305500,0.26,1,0
388600,272800,0.08,1,0
375800,266500,0.58,1,0
375500,259700,0.08,1,0
251500,135700,0.08,2,0
223000,148000,0.05,1,0
240500,150000,0.08,1,0
398200,275400,0.59,1,0
343600,223900,0.16,1,0
242700,163200,0.19,1,0
395700,216400,22.03,3,0
388900,278200,0.23,1,0
337100,241000,0.23,1,0
444300,322700,0.2,1,0
345200,243500,0.31,1,0
313500,214700,0.3,2,0
303800,221500,0.28,2,0
312800,176300,0.92,1,0
584800,400200,19.77,4,0
274300,171000,0.42,1,0
661100,536600,0.26,1,0
699600,558400,0.21,2,1
513600,390600,0.4,1,0
289700,173900,0.08,1,0
337200,233900,0.42,1,0
210700,135300,0.06,1,0
344100,249200,0.33,2,0
326500,251600,0.31,1,0
306300,179200,1.33,1,0
264900,184200,0.23,1,0
354000,254500,0.32,1,0
238000,163700,0.15,1,0
194300,78400,2.68,2,0
322300,201700,0.18,1,0
458100,320300,0.15,2,0
169900,85400,0.35,1,0
327300,228500,0.3,1,0
766800,629400,0.53,1,0
426000,307700,0.26,1,0
243300,163200,0.21,2,0
530100,396500,0.2,1,0
378900,289000,0.19,1,0
307600,211500,0.23,3,0
305100,223700,0.25,1,0
386400,279400,0.52,1,0
330500,214500,0.21,1,0
461900,342100,0.47,1,0
546100,422100,0.25,1,0
272000,175900,0.23,1,0
513000,400200,0.14,1,1
363000,263100,0.33,2,0
700900,520600,1.2,2,0
337100,200300,1.28,1,0
448000,334900,0.46,2,0
351600,229000,0.22,1,0
290200,230200,0.05,1,1
380900,286600,0.18,2,0
397300,277600,0.16,1,0
780300,625400,1.75,1,0
52100,9700,0.06,1,0
284300,165400,1.02,1,0
394000,296000,0.28,2,0
308300,189600,0.14,1,0
200900,84500,0.22,1,0
302200,209400,0.14,1,0
205100,157300,0.12,1,0
416400,298400,0.58,1,0
324800,227900,0.25,2,0
326700,246000,0.23,1,0
320900,211900,0.19,2,0
310800,229400,0.25,1,0
308900,228800,0.21,2,0
210500,134100,0.22,2,0
547700,445900,0.38,1,0
336000,206300,4.26,1,0
341500,208100,0.07,1,1
446200,279800,0.44,1,0
375700,256500,0.15,1,0
437700,320900,0.55,1,0
470700,311600,2.4,1,0
395500,256600,0.17,1,0
348600,241600,0.52,1,0
161900,86700,0.18,1,0
484600,294200,1.44,1,0
424600,298200,1.22,1,0
296800,177400,0.85,1,0
301700,224400,0.12,1,0
328000,286400,0.1,1,0
349900,232100,0.12,1,0
409000,317000,0.12,2,0
306900,225500,0.25,1,0
270500,224700,0.14,1,0
423300,279400,0.26,1,0
376200,242100,0.15,1,0
359400,242100,0.11,1,0
312000,168900,0.38,1,0
332000,227200,0.46,1,0
296900,203000,0.17,1,0
158200,91980,0.19,2,0
335200,243200,0.25,1,0
571000,410300,1.11,2,0
322300,210400,0.47,1,0
499800,376300,0.24,1,0
399400,284000,0.07,1,1
366900,309800,0.34,1,0
367100,221100,0.1,1,0
503100,392800,1.05,2,0
253300,193300,0.04,1,0
314900,182700,0.42,1,0
439600,300700,0.17,1,0
697900,520100,0.63,3,0
439400,315800,2.0,2,0
396200,261400,0.33,1,0
473500,314400,2.4,1,0
262400,171100,0.1,1,0
547400,375100,11.4,2,0
560300,436800,0.24,2,0
309300,233500,0.34,1,0
321400,221300,1.09,2,0
385500,268100,3.8,1,0
360700,269100,0.11,1,0
653500,493700,0.33,1,0
349100,229900,0.15,1,0
591700,431300,0.34,2,0
291400,210700,0.23,1,0
284200,194700,0.18,2,0
350500,249100,0.37,1,0
425200,286400,0.71,1,0
208400,122900,0.2,1,0
321200,224700,0.24,1,0
263700,183100,0.36,0,
281800,194400,0.44,2,0
262700,214100,0.16,2,0
322000,231900,0.07,1,1
246300,161900,0.16,1,0
294300,152000,0.23,1,0
371900,277700,0.31,1,0
428600,318700,0.38,1,0
316900,210600,1.2,1,0
347600,244000,0.43,1,0
389100,274900,0.39,1,0
288400,205300,0.13,1,0
308500,177500,3.09,2,0
327900,223500,0.45,1,0
341200,217700,0.24,2,0
306700,215400,0.1,1,0
466000,328200,0.15,2,1
460300,337700,0.22,3,0
564300,430500,0.64,1,0
280100,178700,0.37,1,0
264600,180700,0.33,1,0
220500,159700,0.17,1,0
405300,323900,0.25,2,0
432400,338900,0.29,2,1
476900,344700,0.42,1,0
435400,298100,0.44,1,0
370200,237100,1.02,1,0
140800,94100,0.19,1,0
264500,168600,0.71,2,0
170300,93300,0.08,2,0
456000,354200,0.38,1,0
420200,297600,0.22,1,0
466800,302800,0.4,0,
193100,142300,0.27,1,0
339800,210500,0.36,2,0
373300,296600,0.1,1,0
522200,412300,0.38,1,0
260300,147400,1.06,1,0
378600,270800,0.54,1,0
255600,182900,0.09,1,0
453300,345900,0.68,1,0
346000,250000,0.36,1,0
502800,362200,0.2,1,0
366600,258700,0.33,1,0
289900,184000,0.49,1,0
512100,365700,10.1,1,0
294200,196200,0.28,1,0
288700,183700,0.09,1,0
456200,318600,0.15,0,
578200,479900,0.29,1,0
659300,523100,0.25,1,0
425200,321200,0.44,0,
455000,352900,0.39,2,0
342200,242300,0.33,1,0
516700,361000,1.88,1,0
329300,231700,0.27,1,0
426900,270900,0.44,1,0
194100,131900,0.43,1,0
282700,204500,0.28,1,0
705500,488400,18.63,2,0
273400,184200,0.17,1,0
541800,383500,0.48,1,0
306000,205000,0.36,1,0
368400,249700,0.14,1,0
716200,577400,0.31,1,1
170200,106100,0.11,1,1
447800,300000,0.33,2,0
537100,395600,1.23,1,0
487600,346400,0.21,2,0
259400,143600,0.08,1,0
592200,469800,0.35,1,1
211800,165600,0.16,1,0
343600,232500,0.63,1,0
497600,363800,1.85,1,0
334100,242100,0.12,1,0
290800,191300,0.32,1,0
390800,281200,0.59,1,0
412800,295700,0.71,1,0
414500,279800,0.66,1,0
297500,219000,0.16,1,0
298400,204500,0.17,2,0
326700,237100,0.66,2,0
189400,123700,0.91,2,0
289900,200300,0.51,3,0
250400,178000,0.08,1,0
503000,334200,0.48,1,0
395900,252000,15.13,2,0
388100,268900,0.15,2,0
474300,325400,1.07,1,0
341700,223900,0.12,1,0
450400,316800,2.32,2,0
319800,209500,0.39,1,0
336900,235500,0.37,1,0
227500,131000,0.39,1,0
282500,192400,0.07,1,1
288100,195000,0.95,1,0
643700,499800,0.26,1,0
985000,700900,39.2,4,0
186000,112600,0.12,1,1
318000,198800,0.15,2,0
276500,193500,0.12,1,0
343800,240500,0.42,1,0
337500,239200,0.44,1,0
650200,495700,3.36,1,0
312800,270000,0.17,1,0
199300,129100,0.1,1,0
540700,451900,0.16,1,0
288800,192800,0.51,1,0
646800,505600,0.21,1,1
616300,472600,0.86,2,0
343800,228400,0.07,2,0
358200,268300,0.19,1,1
601600,447800,1.82,1,0
218400,101100,0.11,1,0
746700,582200,11.9,2,0
330100,242700,0.44,2,0
382500,267000,0.2,1,0
388700,309500,0.18,2,0
295800,216900,0.17,1,0
318100,207100,0.1,1,0
418600,297500,0.19,1,0
487700,374300,0.69,1,0
575900,375400,1.07,2,0
664000,486200,0.63,3,0
225600,50500,10.3,1,0
303200,192800,0.61,1,0
443400,346500,0.25,2,0
275600,181100,1.0,1,0
263900,153300,0.77,1,0
370900,274900,0.05,0,
353100,214700,0.16,1,0
609500,474200,1.05,2,0
286000,178600,0.53,1,0
298200,202100,0.23,1,0
278700,182200,0.24,1,0
472800,357000,0.08,1,1
242300,162500,0.2,1,0
431300,297700,0.2,1,0
262600,166800,0.22,2,0
373200,284600,0.48,1,0
243300,160000,0.31,1,0
634800,454400,1.7,2,0
278500,193700,0.36,1,0
287000,203100,0.33,2,0
249400,164900,0.35,2,0
271300,213600,0.23,1,0
368100,268800,0.82,2,0
252400,146700,1.1,2,0
363500,263600,0.33,1,0
545200,367100,1.0,1,0
291600,201100,0.08,2,1
373300,274900,0.29,1,0
234300,153600,0.23,1,0
414800,279200,0.11,2,0
281500,200000,0.08,1,0
386300,246800,0.18,1,0
271500,176900,0.19,1,0
376300,274500,0.38,1,0
244900,155600,0.5,1,0
605200,475900,0.36,1,0
380900,283200,0.93,1,0
358000,261100,0.25,1,0
429800,301100,0.73,1,0
432900,253100,9.8,1,0
180200,120200,0.04,1,1
223000,172900,0.37,1,0
162600,83800,0.3,1,1
362600,260500,0.39,1,0
328300,219800,0.56,1,0
297400,198600,0.3,1,0
352600,244500,0.7,1,1
345700,226000,0.16,2,0
321700,236900,0.18,1,0
555900,415300,0.2,2,0
415500,282500,0.19,1,0
248800,157500,0.1,3,0
513000,464000,0.18,1,0
353700,216900,2.3,1,0
334200,219300,0.73,2,0
325900,240500,0.52,1,0
289700,204200,0.38,1,0
375000,257700,0.24,1,0
353000,253500,0.46,2,1
337800,213200,0.99,2,0
735700,610600,1.01,3,0
301100,203100,0.28,1,0
522100,345700,10.8,1,0
384200,258800,0.28,1,1
291400,202800,0.48,1,0
282400,194400,0.46,1,0
252300,162300,0.84,1,1
345900,245300,0.35,1,0
267600,188700,0.17,1,0
278900,153000,0.29,1,0
372700,271300,0.37,1,0
598300,441200,1.05,1,0
623000,459600,0.39,1,0
481400,333900,7.24,2,0
621400,486400,1.0,1,0
410900,310300,0.35,1,0
270900,177800,0.15,2,0
232800,151100,0.26,1,0
371300,247300,0.25,2,0
345700,286100,1.4,2,1
386000,284600,0.37,1,0
368900,268000,0.5,1,0
317300,196700,0.18,0,
420600,321800,0.66,1,0
425400,291700,0.85,1,0
599400,469200,1.8,1,0
1072100,776800,58.0,2,0
381200,286200,0.2,1,0
273200,184400,0.16,1,0
374800,268900,0.49,1,0
558200,440900,0.51,1,0
432000,348400,0.46,1,0
585600,394800,1.24,1,0
772400,604300,10.07,3,0
436700,280200,1.86,1,0
498600,329500,4.16,1,0
36100,4300,7.8,0,
515200,395800,2.4,2,0
395700,313700,0.09,1,1
483800,358800,0.27,2,0
540400,397900,10.25,2,0
504100,355400,3.1,1,0
520200,397500,2.95,3,0
717800,564000,3.89,1,0
599400,326500,76.3,1,0
513500,379300,3.0,1,0
367200,255600,0.11,1,0
925300,775300,3.31,2,0
631200,523800,0.68,0,
565700,430500,1.04,1,0
261800,182700,0.31,1,0
182400,95700,0.42,0,
591800,481100,1.11,1,0
622200,489900,5.1,1,0
791600,581200,8.85,2,0
398300,267300,0.54,1,0
459900,362900,0.25,0,
562700,443700,0.61,1,0
306600,186900,0.16,1,0
212000,140700,0.18,1,0
249400,180500,0.09,1,0
422200,341500,0.23,1,0
198200,118100,0.21,2,0
196500,116100,0.22,2,0
394200,302400,0.58,1,0
231000,162800,0.06,1,0
349200,249300,0.33,1,0
235000,158300,0.23,1,0
290800,168700,0.21,1,0
352900,243400,0.74,1,0
331300,236300,0.2,2,0
340500,243200,0.55,2,0
259400,178500,0.37,1,0
717800,594600,0.6,1,0
460700,334000,1.26,1,0
305900,212800,0.15,1,0
443200,302600,0.2,2,0
408400,292600,0.08,2,0
323600,183600,0.19,1,0
246000,159000,0.11,2,0
689900,562300,1.4,2,0
420100,289600,1.84,1,0
363000,242800,0.17,1,0
513700,370000,1.2,1,0
332400,206700,1.1,1,0
524900,379900,0.28,1,0
314100,193600,0.31,1,0
359200,243200,0.21,1,0
291000,158000,0.33,2,0
420400,311900,0.56,2,0
245200,122100,0.95,1,0
316400,208600,0.54,2,0
440100,342500,0.27,1,1
258300,162200,0.23,1,0
441700,295000,0.31,1,0
100,0,0.02,0,
362300,268200,0.65,2,0
301200,220100,0.24,1,0
386600,276700,0.38,1,0
239400,193600,0.14,2,0
169900,124100,0.14,1,0
437100,285300,1.27,1,0
334800,195900,0.56,2,1
391100,261400,0.87,1,0
472000,318200,0.23,1,0
524200,344300,6.0,2,0
592400,495900,0.24,1,0
289400,217000,0.08,1,0
624400,527900,0.24,0,
367600,286200,0.25,1,0
440200,338800,0.37,1,0
263300,167100,0.88,1,0
277100,165200,0.12,1,0
253000,158600,0.82,1,0
404200,297900,0.5,1,0
414500,307900,0.51,2,0
451800,310100,0.22,1,0
274900,183600,0.1,1,0
381200,292700,0.15,1,0
313200,209600,0.43,1,0
533500,423400,0.93,1,0
339200,247900,0.1,1,0
408400,281500,2.5,1,0
350100,218000,2.09,1,0
148900,148900,0.0,13,0
424500,301700,0.25,1,0
372400,259300,0.5,1,0
427200,315900,1.2,1,0
314200,206100,0.7,1,0
314900,199800,0.19,1,0
162600,100160,0.17,2,0
474100,353000,0.19,2,0
181000,126600,0.69,1,1
482300,382000,0.34,1,0
310400,261200,0.19,1,0
289000,211700,0.12,1,0
360000,280800,0.18,1,0
254200,172100,0.41,1,0
381700,246700,1.0,1,0
399600,275000,0.99,1,0
731900,597300,0.47,2,0
237100,142100,0.2,2,0
336400,236500,0.33,1,0
310900,206900,0.44,1,0
577300,451900,0.28,2,0
294400,212100,0.28,1,0
324800,229600,0.34,1,0
410100,302700,0.68,1,0
249600,170400,0.18,2,0
749800,623900,0.29,1,1
379200,280800,0.29,1,0
409400,289200,0.17,1,0
202900,118400,0.49,2,0
399500,301500,0.28,1,0
259400,172000,0.44,1,0
572300,450200,0.21,2,0
539600,396300,2.28,1,0
242300,162500,0.2,1,0
268200,192200,0.08,1,0
187300,99300,0.46,2,0
694400,568000,0.3,2,0
449000,325500,0.24,1,0
315800,218900,0.25,1,0
580200,414100,14.61,3,0
443200,338500,0.99,3,0
375400,283400,0.12,2,0
278500,196200,0.28,1,0
455500,323800,0.41,2,0
708800,530000,10.3,2,0
334800,246000,0.16,1,0
392000,281800,0.29,2,0
276500,183700,0.14,1,0
294500,219000,0.19,2,0
378100,234700,0.25,2,0
394200,282300,0.33,1,0
573800,439000,2.5,1,0
631400,502400,1.62,2,0
490100,356100,0.86,1,0
292700,235100,0.36,1,0
350700,242600,0.7,1,0
625100,482300,0.24,3,0
257300,181000,0.21,1,0
294600,206800,0.13,1,0
263300,181300,0.27,1,0
559400,470800,0.48,1,0
262300,167700,0.19,1,0
539900,365900,21.9,1,0
915400,806100,0.27,1,0
357000,249900,0.31,1,0
323400,223500,0.33,1,0
703900,598800,0.47,1,0
333400,245000,0.62,3,0
652500,469300,0.88,2,0
411400,290800,0.18,1,0
498600,354100,0.27,2,0
348700,232400,0.09,2,0
254500,170000,0.35,2,0
952700,778700,13.75,2,0
409200,285200,0.25,1,1
330500,185400,10.59,1,0
267900,171800,0.23,1,0
403800,277900,0.29,2,1
386500,267100,0.51,1,0
244800,176400,0.08,1,1
374200,272200,0.14,1,0
556200,426700,0.75,4,0
359900,242100,0.12,2,0
387300,301200,0.4,1,0
333700,223000,0.4,1,0
206400,126600,0.2,1,0
386100,243400,0.31,1,0
214400,140700,0.13,2,0
311200,219600,0.11,1,0
419700,331100,0.48,1,0
135400,89800,0.13,1,0
607700,467400,0.59,1,0
267200,186800,0.22,1,0
385300,277800,0.32,1,0
269800,223800,0.22,1,1
279100,197700,0.25,1,0
414500,307400,0.31,1,0
376300,282100,0.31,1,0
606100,445600,0.91,1,0
218400,146800,0.06,2,1
300800,198400,0.54,3,0
375500,282500,0.62,1,0
265700,178700,0.11,1,0
410400,285600,0.44,1,0
278100,182800,0.49,1,0
232400,184600,0.12,1,0
633500,474900,0.31,2,0
492900,412300,0.51,1,0
260900,174500,0.41,2,0
393600,269600,0.25,2,0
245100,119000,11.83,1,0
319000,224700,0.18,1,0
322900,276900,0.28,2,0
312900,221400,0.37,1,0
333400,243500,0.52,1,0
279900,194100,0.39,2,0
284800,168500,0.09,1,0
492700,337500,3.6,1,0
405000,283900,0.19,1,1
289500,229500,0.04,1,0
520600,373900,0.31,2,0
286100,198700,0.12,2,0
275200,183900,0.1,1,1
378800,277400,0.37,1,0
330800,216700,2.4,1,0
361900,269200,0.27,2,0
446800,348800,0.28,1,0
468500,340400,1.48,1,0
341900,214500,0.32,2,1
228400,112600,0.08,1,0
223600,125600,0.28,2,0
492000,373800,0.13,1,1
366500,230900,0.11,1,0
184300,136700,0.11,1,0
331300,251800,0.19,0,
292900,185500,1.5,1,0
414400,305500,0.57,1,0
220500,149200,0.05,1,0
294300,213600,0.23,1,0
410700,295900,0.5,1,0
273000,185600,0.44,1,0
368000,232000,0.5,2,0
341800,229900,0.65,2,0
585200,446400,0.75,1,0
339500,210200,0.36,1,0
337500,215500,0.68,1,0
387200,291800,0.21,1,0
301500,207600,0.17,1,0
376400,252900,0.24,1,0
420100,319100,0.36,1,0
324200,241100,0.13,1,0
