date,white,white_elo,black,black_elo,e4e5,wke2,bke7,opening,moves
2021.03.01,mapichar,1552,tbduru,1572,1,1,1,Bongcloud Attack,e4 e5 Ke2 Ke7
2021.03.01,NKoreaFanboy,612,RITHISH12082009,691,1,1,1,Bongcloud Attack,e4 e5 Ke2 Ke7
2021.03.02,Aziemah,1500,sharifahdariah,1500,1,1,1,Bongcloud Attack,e4 e5 Ke2 Ke7 f4 Kf6 fxe5 Kxe5 Ke3 Ke6 Kf4 Ke7 d4 d5 exd5 Kd6 Ke4 f6 g4 Ke7 g5 fxg5 Kf3 Kf6 Ke4 Kg6 h4 gxh4 Nh3 Kf7 Nf2 g6 Rxh4 h6 Rxh6 Rxh6 Ke5 Kg7 Kf4 Ba3 bxa3 c6 dxc6 Qd7 cxd7 Bxd7 a4 Bxa4 c4 Ne7 Nc3 Bxd1 Nfxd1 Rh1 Be2 Nd5 Nxd5 Na6 Ba3 Rah8 Bf8 Kxf8 Kg5 R8h2 Kxg6 Ke8 Nf2 Rxf2 Bh5
2021.03.02,BalancedBeekeeper,1375,FactualCariboo,1005,1,1,1,Bongcloud Attack,e4 e5 Ke2 Ke7 d3 d6 c4 c5 b4 b6 b5 a6 a4 d5 exd5 Ra7 Qd2 Qxd5 cxd5 Rd7 Qe3 Rxd5 Qxe5 Rxe5 Kf3 Re1 Kg3 Rxf1 Na3 Rxg1 Rxg1 Bf5 Nb1 Bxd3 Nc3 Bxb5 Nxb5 axb5 axb5 Nd7 Ra3 Nb8 Re3 Kd8 Rd1 Kc7 Rc3 Nd7 Rc4 Bd6 Kg4 Bxh2 Rh1 Be5 Re1 Ba1 Ba3 Bd4 Rc2 Ba1 Rd1 Be5 Re1 Bh2 g3 Bxg3 Kxg3 h5 Re4 g5 Rec4 h4 Kg4 h3 f3 h2 Rxh2 Rxh2 Kxg5 Rg2 Kf4 Rf2 Rb4 Rc2 Ra4 Ra2 Ra7 Kd6 Rb7 Kd5 Bb4 cxb4 Rxd7 Kc4 Kg4 b3 Rxf7 b2 Kg3 Kxb5 f4 b1=Q f5 Qg1 Kh3 Qh1 Kg3 Qf1 Kh4 Qd1 Kg5 Qg1 Kh5 Qf1 Rh7 Qxf5 Kh4 Qxh7 Kg3 Qh1 Kg4 Qg1 Kf5 Rd2 Ke6 Rd8 Kf7 Nh6 Ke7 Rd5 Kf6 Qg4 Ke7 Rf5 Ke6 Rh5 Kf6 Ng8 Kf7 Nh6 Kf8 Qf4 Kg7 Nf5 Kg6 Qg4 Kf6 Ne3 Ke7 Qf5 Kd6 Nc4 Kc7 Nd6 Kxd6 Qd3 Ke6 Rh6 Ke5 Rh5 Ke6 Kc6 Kf6 Rh3 Ke5 Qf1 Kd4 Qd1 Kc4 Qc1 Kb4 Qb1 Ka4 Qa1 Kb4 Qb1 Kc4 Qc1 Kd4 Qd1 Ke4 Qe1 Kf5 Rh5 Kf4 Qf1 Kg3 Rh1 Kg4 Qg1 Kf4 Qf1 Ke4 Qe1 Kd4 Qd1 Ke5 Rf1 Ke6 Qe1
2021.03.02,Slavisaaa,1899,Bodegon02,1556,1,1,1,Bongcloud Attack,e4 e5 Ke2 Ke7 Ke3 Kd6 d4 exd4 Qxd4 Ke7 Qe5
2021.03.02,yasadaddy,783,lg4492,1053,1,1,1,Bongcloud Attack,e4 e5 Ke2 Ke7 Kd3 d5 Kc3 dxe4 d3 Ke6 dxe4 Qxd1 Bd3 Qxc1 Ne2 Qxh1 Kc4 Qxh2 Kb5 Qxg2 Nf4 Kd6 Nxg2 Nc6 Ne3 a6 Ka4 Kd7 Bc4 b5 Bxb5 axb5 Kb3 Ke7 Nc4 Kd8 Nxe5 Be6 Kc3 Nxe5 Kd4 Ra4 Kxe5 f6 Kxe6 Nh6 Nc3 Kc8 Rd1 Kb7 Kd7 Bb4 Nxa4 bxa4 Rd5 Nf7 Rb5 Ka6 Rxb4 Ne5 Kxc7 h5 c4 Ka7 c5 h4 c6 h3 Rc4 h2 Rc1 h1=Q Rxh1 Rxh1 b4 g5 Kc8 Rh8 Kc7 Ka8 b5 Rc8 Kxc8 Ka7 Kc7 Nxc6 Kxc6 g4 b6 Ka6 b7 Ka7 Kc7 g3 b8=Q Ka6 Qa8 Kb5 Qf8 gxf2 Qf7 f1=Q Qc4 Kxc4 e5 Kd5 e6 Kxe6 Kd8 f5 Ke8 f4 Kd8 Qg1 Kc7 f3 Kc6 f2 Kb6 f1=Q Ka5 Kd5 Kxa4 Kc4 a3 Qd1 Ka5 Qg5 Kb6 Qb1 Ka7 Kb5 Kb8 Qe5 Kb7 Qc1 a4 Kxa4 Ka8 Ka5 Ka7 Qec5 Kb7 Qb6 Ka8 Qc8
2021.03.02,lg4492,1101,Danny_Crognale,1969,1,1,1,Bongcloud Attack,e4 e5 Ke2 Ke7 Ke3 Nf6 f4 exf4 Kxf4 g6 g4 Bg7 h4 Re8 d4 Kf8 Qe2 Nd5 exd5 Rxe2 Bxe2 Qf6 Ke4 Qxd4 Kf3 d6 c3 Qf6 Bf4 Nd7 Kg3 Ne5 Bg5 Qxg5 hxg5 Bd7 Na3 Re8 Rxh7 Kg8 Rh1 c5 Nb5 Bxb5 Bxb5 b6 Bxe8
2021.03.02,lg4492,1275,BlackCat700,2224,1,1,1,Bongcloud Attack,e4 e5 Ke2 Ke7 Ke3 Ke8 f4 d6 d4 f6 Nc3 exd4 Kxd4 Nc6 Kc4 Kf7 Nd5 Nge7 g4 b5 Kxb5 Bd7 g5 a5 gxf6 Ne5
2021.03.03,C71308590YHON,1416,B61196970DIOMAR,1583,1,1,1,Bongcloud Attack,e4 e5 Ke2 Ke7 Ke3 Ke6 Kd3 Kd6 Kc4 Kc6 g3 b5 Kc3 Kc5 f4 a5 a3 b4 axb4 axb4 Kb3 Qe7 d4 exd4 c3 Qe6 Kc2 Rxa1 cxd4 Kb6 Qd3 b3 Kc3 Ba6 Qf3 Bxf1 Qxf1 Rxb1 Be3 Nc6 d5 Nd4 dxe6 Rxf1 Bxd4 Kc6 Kxb3 dxe6 e5 Bc5 Kc4 Bxd4 Kxd4 Ne7 b4 Rxg1 Rxg1 Rd8 Ke4 Nf5 Rc1 Kb7 Kf3 Kb6 b5 c5 Rb1 c4 g4 c3 gxf5 exf5 h4 c2 Rc1 Rd2 Ke3 Rg2 Kd3 g5 hxg5 Rf2 Rxc2 Rxc2 Kxc2 Kxb5 Kd3 Kc5 Ke3 Kd5 Kf3 Kd4 Kg3 Ke4 Kh4 Kxf4 Kh5 Kxe5 Kh6 f4 Kxh7 f3 Kg7 f5 Kf7 f4 g6 f2 g7 f1=Q g8=Q f3 Ke7 f2 Qe6 Kf4 Qf7 Kg3 Qb3 Kg2 Qg8 Kh1 Qd5 Kg1 Qg8 Kh2 Qb8 Kg2 Qg8 Kf3 Qb3 Kg2 Qg8
2021.03.03,Gustalfil,1381,Passah,1353,1,1,1,Bongcloud Attack,e4 e5 Ke2 Ke7 Kd3 Kd6 Nf3 Kc5 Nc3 Qf6 Ke2 Nc6 d3 Kd6 Be3 Nh6 g3 Ke7 Nd5 Ke6 Nxf6 Kxf6 Bg5 Kg6 h4 f6 h5 Kf7 Bxh6 gxh6 Bh3 d6 Bxc8 Rxc8 c4 a6 Qb3 b6 c5 Ke7 cxd6 Kxd6 d4 exd4 Rad1 Na5 Qd5 Ke7 Rxd4 Nc6 Qxc6 Bg7 Rd7 Ke8 Rhd1 Kf8 Rd8 Rxd8 Rxd8 Kf7 Rxh8 Bxh8 Qxc7 Kg8 Qxb6 Bg7 Qxa6 Bf8 Qxf6 Bg7 Qd8 Bf8 Ne5 Kg7 Qd7 Kg8 Qf7 Kh8 Ng6 hxg6 hxg6 h5 Qh7
2021.03.04,oliversetiono123,1242,Gustalfil,1321,1,1,1,Bongcloud Attack,e4 e5 Ke2 Ke7 f4 Kf6 Qe1 Kg6 Kd1 Nc6
2021.03.04,hilfigertout,1135,kasfex,1118,1,1,1,Bongcloud Attack,e4 e5 Ke2 Ke7 Qe1 Qe8 Kd1 Kd8 Nc3 Nc6 Nf3 d6 Nd5 Qe6 d3 b5 Ng5 a6 Nxe6 fxe6 Nb4 d5 Nxc6 Ke8 Nxe5 Nf6 a4 dxe4 axb5 axb5 Rxa8 Kd8 Nc6 Kd7 Nb4 Ng4 dxe4 Bxb4 Qe2 Rd8 Qxg4 Kc6 Ke2 e5 Qxg7 Bd2 Bxd2 Bb7 Rxd8 b4 Qd7 Kb6 Bxb4 Ba6 Ke3 Bxf1 Rb8 Ka7 Qxc7 Ka6 Qb6
2021.03.05,magicfatkid,1111,sean075,1112,1,1,1,Bongcloud Attack,e4 e5 Ke2 Ke7 Nc3 Nf6 Nd5 Kd6 Nf3 Nxe4 d3 Ng5 Nc3 Nc6 Bxg5 f6 Be3 Ke6 d4 exd4 Nxd4 Nxd4 Qxd4 Kf7 g3 Bd6 Bh3 Re8 Rae1 Bb4 Kd1 Bxc3 Qxc3 d5 Bxc8 Rxc8 Bd4 Qd6 Kc1 Rxe1 Rxe1 c5 Be5 Qb6 b3 Re8 Qf3 Kg8 Bb2 Rxe1 Kd2 Qa5 Kd3 Rd1 Ke2 Qd2
2021.03.06,RolandsOzo,906,MaratsS,1350,1,1,1,Bongcloud Attack,e4 e5 Ke2 Ke7 Kd3 Kd6 Kc4 Kc6 Kb3 Kb6 Ka4 Kc6 Ka5 b6 Ka4 b5 Ka5 d6 Kb4 Na6 Ka5 Nb8 Qe2 g6 Qd3 f5 Qc3 Kb7 Kxb5 a6 Ka4 Nc6 Qc4 Na5 Qc5 Ra7 Qxa5 c6 Qxa6 Kc7 Ka5 Bxa6 Kb4 c5 Kb3 fxe4 a3 c4 Ka2 d5 c3 e3 dxe3 d4 e4 dxc3 bxc3 Qd1 Nd2 Qh5 Nxc4 Bxc4 Kb2 Bxf1 Kb3 Ba6 Rb1 Qh6 Rb2 Qxc1 Ra2 Qb1 Rb2 Qxe4 Ne2 Qxg2 Nd4 Qxh1 Ka4 Qxh2 Rb3 Qxf2 Nb5 Bxb5 Kxb5 Rb7 Ka5 Rxb3 Ka4 Rb2 Ka5 Rb3 Ka4 Rxc3 Ka5 Rxa3 Kb5 Qb2 Kc4 g5 Kd5 g4 Ke4 Nf6 Kf5 g3 Kxf6 g2 Kf5 g1=Q Kf6 Rf3 Ke6 Bh6 Kd5 e4 Kxe4 Re3 Kf5 Rf8
2021.03.06,coxno,2219,da4amarante,2108,1,1,1,Bongcloud Attack,e4 e5 Ke2 Ke7 f3 f6 g3 Nh6 Bg2 Kf7 Kf2 Kg8 Ne2 Bc5 d4 exd4 Nxd4 Nf7 Be3 Nc6 Nxc6 Bxe3 Kxe3 bxc6 Nc3 d6 Qd4 c5 Qd5 Bd7 Rad1 h5 h4 c6 Qd2 Qe7 Kf2 Kh7 Rhe1 Rhe8 Qf4 Qe5 Qd2 Qe7 b3 Rad8 Na4 Bc8 Qa5 Qb7 Rd2 Qa6 Qxa6 Bxa6 Red1 Bb5 Nb2 a5 c4 Ba6 f4 Bc8 Na4 Bb7 Bf3 g6 Rg1 Bc8 Nb6 Be6 Na4 Re7 Rgd1 Ree8 Nc3 Kg7 Rg1 Nh6 Rgd1 Nf7 Na4 Kf8 e5 dxe5 Rxd8 Rxd8 Rxd8 Nxd8 Nxc5 Bc8 fxe5 fxe5 Ke3 Kf7 Be4 Kf6 a3 g5 b4 axb4 axb4 Ne6 Nxe6 Bxe6 Bxc6 Bxc4 b5 gxh4 gxh4 Ke7 b6 Kd6 Bf3 Bf7 b7 Kc7 Be4 Bc4 Bf3 Ba6 Bxh5 Bxb7 Bf7 Kd6 h5 Ke7 Bb3 Kf6 Bc2 e4 Bxe4 Bxe4 Kxe4 Kg5 h6 Kxh6
2021.03.06,Noelia_ajc,678,Ian1234567,804,1,1,1,Bongcloud Attack,e4 e5 Ke2 Ke7 Ke1 Ke6 Ke2 Kf6 f4 Bc5 Nf3 Nc6 Ke1 Qe7 Bc4 Qd6 fxe5 Kg6 Rg1 Bxg1 g4 Qc5 Ng5 Qf2
2021.03.07,silwamba,1566,UchHulk,1171,1,1,1,Bongcloud Attack,e4 e5 Ke2 Ke7 Ke3 Ke6 Kf3 Kf6 Kg4 d6 Kh5 g6 Kh4 Ke6 Kg3
2021.03.09,BenDavut,1063,Kidjenlahpory,1021,1,1,1,Bongcloud Attack,e4 e5 Ke2 Ke7 Ke3 Ke6 Nf3 Kf6 Bc4 Kg6 Nxe5 Kg5 f4 Kh4
2021.03.10,andraderegina,1469,JaimesMiguel,1657,1,1,1,Bongcloud Attack,e4 e5 Ke2 Ke7 Ke3 Ke6 f4 f5 h4 h6 g4 h5 gxh5 g5 fxg5 fxe4 Kxe4 Ke7 Ke3 d5 Kd3 Qe8 Ke2 e4 Ke1 e3 dxe3 d4 c3 dxe3 Ke2 Qxh5 Kxe3 Qxh4 Ke2 Qxg5 Bh3 Qxc1 Bxc8 Qxd1 Kxd1 c5 b3 c4 bxc4 b5 cxb5 a6 bxa6 Rxa6 Rxh8 Rxa2 Rh1 Rxa1 Ba6 Rxb1 Kd2 Rd1 Kxd1 Nxa6 Kc2 Nb4 Kc1 Nc2 Ne2 Ne1 Rxe1 Bg7 Rh1 Bxc3 Rd1 Be1 Rxe1 Nf6 Rh1 Ne4 Rd1 Nf2 Re1 Nd1 Rxd1 Kf6 Rh1 Kg5 Rh5 Kg4 Rh4 Kxh4
2021.03.11,UnpretentiousPrawn,1205,Hughe,1813,1,1,1,Bongcloud Attack,e4 e5 Ke2 Ke7 Kd3 Kd6 Kc4 Kc6 Qh5 d5 exd5 Qxd5 Kc3 Qd4 Kb3 Be6 c4 Qxc4 Bxc4 Bxc4 Kxc4 Nd7 Na3 Ngf6 Qf3 Kd6 Nb5 Ke7 Nxc7 Rc8 b4 Rxc7 Kb3 Kd8 Bb2 Bd6 d4 Re8 Re1 e4 Qf5 Nb6 d5 Re5 Bxe5 Bxe5 Qxe5 Nbxd5 Rxe4 Rc3 Ka4 Nb6 Kb5 Nfd7 Qxc3 Nd5 Qd4 a6 Kc4 N7b6 Kc5 Kc8 Qxd5 Nxd5 Kxd5 Kd7 Nf3 Kc7 Rc1 Kb6 Nd4 a5 bxa5 Kxa5 Rb1 f5 Nxf5 g6 Nd4 h5 Nb3 Ka6 Nc5 Ka7 Rxb7 Ka8 Ra4
2021.03.11,AptGoldfish,1259,BriskFarmer,1292,1,1,1,Bongcloud Attack,e4 e5 Ke2 Ke7 Ke3 Ke6 Kf3 Kf6 Kg4 Kg6 f3 Kf6 Qe2 g5 Qa6 bxa6
2021.03.11,ilovechess2224,1082,TarikSkula,1469,1,1,1,Bongcloud Attack,e4 e5 Ke2 Ke7 Nf3 Kf6 Ke3 Kg6 Bc4 Bc5 d4 exd4 Nxd4 Qg5 f4 Qxg2 f5 Kf6 Rg1 Bxd4 Qxd4 Ke7 Rxg2 Ke8 Qxg7 d6 Qxh8 Nc6 Qxg8 Ke7 Qxf7 Kd8 Rg8
2021.03.11,werxxy,1480,Levi-i,1482,1,1,1,Bongcloud Attack,e4 e5 Ke2 Ke7 Ke3 Ke6 f3 Qg5 Kf2 f6 Nh3 Qg6 d3 Bc5 Be3 Bb6 f4 Ne7 f5 Nxf5 exf5 Qxf5 Ke2 Qg4 Kd2 Bxe3 Kxe3 Qxd1 Be2 Qxh1 Bg4 f5 Bxf5 Kxf5 g4 Kxg4 Nf2
2021.03.12,DarioAlmazan,1652,jesuscruz2021,990,1,1,1,Bongcloud Attack,e4 e5 Ke2 Ke7 Ke1 Ke8 Ke2 Ke7 Ke1 Ke8 Ke2 Ke7 Ke1
2021.03.12,calvin4370,1184,miyamura228,1033,1,1,1,Bongcloud Attack,e4 e5 Ke2 Ke7 Ke3 Ke6
2021.03.12,Permarachne,1875,Heidelbergensis,1899,1,1,1,Bongcloud Attack,e4 e5 Ke2 Ke7 Ke3 Kd6 Kd3 Kc6 Kc3 Kd6 Kd3 Kc6 Ke3 Kd6 Kd3 Kc6 Ke3 Kd6
2021.03.12,Heidelbergensis,1888,Permarachne,1877,1,1,1,Bongcloud Attack,e4 e5 Ke2 Ke7 Kd3 Kd6 Kc3 Ke6 Kd3 Kd6 Kc3 Ke6 Kd3 Ke7 Ke2 Ke6 Ke3 Kd6 Kd3 Kc6 Kc3 Kb6 Kd3 d5 exd5 Qxd5 Ke3 Bc5 Ke2 Qe4
2021.03.12,Heidelbergensis,1759,Senpukyaku,1889,1,1,1,Bongcloud Attack,e4 e5 Ke2 Ke7 Kd3 Kd6 Kc3 Ke6 Kd3 Kd6 Kc3 Ke7 Kd3 d5 Kc3 dxe4 d4 Nc6 Bg5 f6 dxe5 Qxd1 Be2 Qd4 Kb3 Qb4
2021.03.12,fikus2009,1323,Smurfer200,1171,1,1,1,Bongcloud Attack,e4 e5 Ke2 Ke7 Kf3 Kf6 Kg4 Kg6 h4 Qxh4 Kf3 Qf4 Ke2 Qe3 fxe3 Kg5 Kf3 Kg6 Kg4 a5 Qf3 a4 Qf6 Kxf6 Bb5
2021.03.12,KingClarkZ,1196,DarkFleakyGrill,1165,1,1,1,Bongcloud Attack,e4 e5 Ke2 Ke7 Ke3 Ke6 Nf3 d5 Nc3 dxe4 Kxe4
2021.03.13,CFN-2265,1500,torovierii,1467,1,1,1,Bongcloud Attack,e4 e5 Ke2 Ke7 d3 d6 Nf3 Nf6 Nc3 Bg4 Ke1 Ke8 Nd5 Nxd5 exd5 Nd7 c4 f6 b3 Be7 Be2 h6 Nh4 Bxe2 Qxe2 Nc5 Nf5 Kf7 Nxe7 Qxe7 Ba3 a5 Bxc5 dxc5 Rb1 a4 g3 axb3 Rxb3 Rhb8 a3 Qd6 Kf1 Qa6 Qb2 Ra7 Kg2 b6 Ra1 Qc8 Qe2 Qf5 Qf3 Qd7 Qh5 Kf8 h3 c6 dxc6 Qxc6 Qf3 Qe6 Rd1 Rab7 Rdb1 Rd7 Rxb6 Rxb6 Re1 Rdb7 Re4 Rb1 g4 R7b3 Kg3 Qc6 Re1 Qxf3 Kxf3 Rxe1 Kg3 Rxa3 f3 Rxd3
2021.03.15,Fouprendh7,1685,KARAZECHESS,1643,1,1,1,Bongcloud Attack,e4 e5 Ke2 Ke7 Ke1 Ke8 Ke2 Ke7 Ke1 Ke8 Ke2 Ke7 Ke1 Ke8 Ke2 Ke7 Ke1 Ke8
2021.03.16,wszdn,1359,Miss_Black,1500,1,1,1,Bongcloud Attack,e4 e5 Ke2 Ke7 Nf3 Nf6 d3 Ke6 Ng5 Ke7 f3 h5 Nc3 h4 Nd5 Kd6 Nxf7 Ke6 Nxd8 Kd6 Nf7 Kc6 Nxh8 b6 Nxf6 gxf6 c4 Ba6 Qa4 Kb7 Nf7 Bh6 Bxh6 Nc6 b4 Nxb4 Qxb4 Bxc4 Qxc4 a5 Rc1 a4 Qxc7 Ka6 Nd6 a3 Rb1 b5 Qb7 Ka5 Qxb5
2021.03.16,GrandMasterJosiah,1231,ixye,1152,1,1,1,Bongcloud Attack,e4 e5 Ke2 Ke7 Ke1 Ke8 Ke2 Ke7 Ke1 Ke8 Ke2 Ke7 Ke1
2021.03.16,nussy,1989,wilbert_guo,1981,1,1,1,Bongcloud Attack,e4 e5 Ke2 Ke7 Ke1 Ke8 Nf3 Nc6 Bc4 Bc5
2021.03.16,CheesE220,1400,tasty_borgar,1498,1,1,1,Bongcloud Attack,e4 e5 Ke2 Ke7 Nf3 Ke8 Ke1 Nc6 Bb5 d6 d4 exd4 Nxd4 Bd7 Nxc6 bxc6 Ba4 Qe7 Nc3 Nf6 f3 d5 Qd3 g6 Kf2 Bg7 Re1 Nh5 exd5 Qxe1 Kxe1 Nf4 Qe4
2021.03.16,Meeeennnnnnnn,960,xiaoef,899,1,1,1,Bongcloud Attack,e4 e5 Ke2 Ke7 Ke1 Ke8 Ke2 Ke7 Ke1 Ke8 Ke2 Ke7 Ke1 Ke8 Ke2 Ke7 Ke1 Ke8 Ke2 Nf6
2021.03.16,MrKilo99,1401,ROBINJ38000,1442,1,1,1,Bongcloud Attack,e4 e5 Ke2 Ke7 Ke1 Ke8 Ke2 Ke7 Ke1 Ke8 Ke2 Ke7 Ke1 Ke8 Ke2 Ke7 g3 Nc6
2021.03.16,KxngMadvillain,978,Sai_Adithya_A,957,1,1,1,Bongcloud Attack,e4 e5 Ke2 Ke7 Ke1 Ke8 Ke2 Ke7 Ke1 Ke8 Ke2 Ke7 Ke1 Ke8
2021.03.16,pawnparade,1722,kapperking,1687,1,1,1,Bongcloud Attack,e4 e5 Ke2 Ke7 f4 d6 f5 Nf6 d3 Nc6 h3 d5 Nc3 dxe4 dxe4 Qxd1 Kxd1 Bd7 Bc4 Re8 Nf3 Kd8 Be3 Kc8 Ke2 Bb4 Kd3 Bxc3 bxc3 Rd8 Bd5 Nxd5 exd5 Bxf5 Ke2 Rxd5 c4 Rd7 Rab1 Bxc2 Rb2 Bg6 Rb5 f6 h4 Rhd8 g4 Bd3 Kf2 Bxc4 Rc5 Bd5 Rhc1 Bxf3 Kxf3 h6 Ke4 Kb8 Kf5 Nd4 Kg6 b6 R5c3 c5 a4 Ne6 a5 Nf4 Bxf4 exf4 axb6 axb6 Ra3 Ra7 Rb3 Kc7 Re1 Rd7 Re8 c4 Rb5 c3 Rb4 Ra3 Rc4 Kb7 Rcc8 Rc7 Rb8 Kc6 Re6 Kb5 Rbxb6 Kc4 Re4 Kd3 Rbe6 c2 Rxf4 c1=Q Rd6 Ke3 Rdd4 Qc2 Kh5 g6 Kxh6 Rh7 Kxh7 g5 Kg7 gxf4 h5 Kxd4 h6 Ra7 Kxf6 Qh7 Kg5 Ra5 Kxf4 Qxh6 Kg3 Qg5 Kg2 Ra3 Kg1 Qd2 g5 Ra1
2021.03.16,jclaff,1189,LordCrackPot2,1189,1,1,1,Bongcloud Attack,e4 e5 Ke2 Ke7 Nf3 Nc6 Nc3 Nf6 d3 d5 exd5 Nxd5 Bg5 f6 Bh4 Nxc3 bxc3 Bg4 h3 Bxf3 Kxf3 e4 dxe4 Qxd1 Rxd1 Rd8 Rxd8 Nxd8 Bd3 Ke6 Re1 Bc5 Kf4 Bd6 Ke3 Nc6 Bc4 Ke7 Bd5 Ne5 Bxb7 Ng6 Bg3 Bxg3 fxg3 Kd6 Bd5 Re8 Rd1 f5 Bf7 Ke7 Bxe8 Kxe8 exf5 Ne5 Re1 Nc6 Kf4 Kd7 Kg5 Ne7 Rd1 Ke8 h4 Kf7 g4 h6 Kh5 g6 Kxh6 gxf5 gxf5 Nxf5 Kg5 Ng7 h5 Kg8 h6 Ne6 Kh5 Kh7 Rd7 Kh8 h7 Ng7 Kg6 Ne8 Rd8 c6 Rxe8
2021.03.16,Jord_GM,1231,noobslayer6942069,1008,1,1,1,Bongcloud Attack,e4 e5 Ke2 Ke7 Ke1 Ke8 Ke2 Ke7 Ke1 Ke8 Ke2 Ke7
2021.03.16,Djuff,1138,ZzarraackK,1240,1,1,1,Bongcloud Attack,e4 e5 Ke2 Ke7 Nf3 Nc6 a3 d6 c4 Bg4 h3 Bh5 d3 Ke6 Qb3 Nge7 Nc3 a5 c5 Kf6 g4 Bg6 Bg2 Nd4 Nxd4 exd4 cxd6 Qxd6 Nb5 Qb6 Re1 c6 Qc4 cxb5 Bg5 Kxg5 Qc1 Kh4 Qf4 Nd5 Qg3 Kg5 Qe5 Kh6 Qxd5 f6 h4 Be8 Qh5 Bxh5 gxh5 Kxh5 Bf3 Kxh4 Rh1 Kg5 Rag1 Kf4 Rh4 Ke5 Rh5 g5 Bg4 Qc5 Kf3 Qc2 Kg3 Bd6 f4
2021.03.16,Tungaa,1574,IghtBet2004,1556,1,1,1,Bongcloud Attack,e4 e5 Ke2 Ke7 Ke3 Ke6 Bc4 Ke7 Qh5 d6 Qxf7
2021.03.16,hmbrick,1359,tectum,1331,1,1,1,Bongcloud Attack,e4 e5 Ke2 Ke7 Nf3 Nc6 Nc3 Nf6 Ke1 Ke8 d3 Bc5 Be3 Bxe3 fxe3 d6 d4 Bg4 Be2 a5 d5 Ne7 Qd3 Ng6 Kd2 c6 dxc6 bxc6 Rad1 d5 Kc1 dxe4 Qxd8 Rxd8 h3 exf3 Bxf3 Bxf3 gxf3 Rxd1 Rxd1 Ke7 Ne4 Nxe4 fxe4 Rd8 Rg1 Ke6 Rh1 Nh4 a3 Rd4 Rg1 Rxe4 Rxg7 Rxe3 Rxh7 Rxh3 Rh6 Kd5 c3 e4 Kc2 e3 Rf6 Ng2 Rf5 Ke4 Rxf7 e2 Rc7 e1=Q Kb3 Ne3 Rxc6 Nd5 Ra6 Qd1 Kc4 Qd3 Kc5 Qxa6
2021.03.16,JohnnyBongcloud,1235,ton0,1185,1,1,1,Bongcloud Attack,e4 e5 Ke2 Ke7 Ke3 Ke6 Kf3 Kf6 Kg4 Kg6 Kf3 Kf6 Ke3 Ke6 Kd3 Kf6 Kc4 Kg5 Kb5 Kf4 d3
2021.03.16,Sigurdmofo,1355,noobyra,1269,1,1,1,Bongcloud Attack,e4 e5 Ke2 Ke7 Nf3 Nc6 b3 Nf6 Ba3 d6 d3 Bg4 h3 Nd4 Ke3 Bxf3 gxf3 Qd7 Nc3 a6 Nd5 Nxd5 exd5 Qf5 Bg2 Qf4
2021.03.16,charliekm,1151,doppelg1nger,1109,1,1,1,Bongcloud Attack,e4 e5 Ke2 Ke7 Ke3 Ke6 Ke2 Ke7 Nf3 Nf6 d3 Nc6 Bg5 h6 Bxf6 Kxf6 Ke1 Bb4 c3 Bc5 Nh4 d6 Qf3 Ke7 Nf5 Bxf5 Qxf5 g6 Qf3 Kf8 Nd2 h5 h4 g5 hxg5 Qxg5 g3 h4 Qf5 Bxf2 Kxf2 Qxd2 Be2 hxg3 Kxg3 Rxh1 Rxh1 Qxe2 Rh8 Ke7 Rxa8 Qe3 Qf3 Qxf3 Kxf3 d5 Rc8 dxe4 dxe4 Kd7 Rg8 f6 Rg6 Ke6 Rg7 Ne7 Ke3 c5 a4 a6 b4 cxb4 cxb4 b5 axb5 axb5 Rg1 f5 exf5 Nxf5 Ke2 Nd4 Ke1 Nf3 Kf2 Nxg1 Kxg1 e4 Kf2 Kd5 Ke3 Ke5
2021.03.16,janpoo123,1118,JaimeChess1,1073,1,1,1,Bongcloud Attack,e4 e5 Ke2 Ke7 Nf3 Nc6 Nc3 Nf6 d4 exd4 Nxd4 Nxd4 Qxd4 d5 Qe5 Be6 Nxd5 Nxd5 exd5 Qxd5 f4 Qxe5 fxe5 Bg4 Kf2 Ke8 Bg5 Bc5 Kg3 Be6 Bb5 c6 Bd3 Bd4 Bf4 h6 Rhe1 g5 Re4 Rd8 Bd2 Bf5 Rxd4 Rxd4 Bxf5 Rxd2 Re1 Rxc2 e6 fxe6 Rxe6 Kd7 Rf6 Ke7 Re6 Kf7 Re3 Rxb2 h3 Rxa2 Rd3 b5 Rd7 Kf6 Be4 b4 Bxc6 b3 Rd6 Ke7 Rd3 b2 Rd1 Rd8 Re1 Kd6 Be4 Re8 Rd1 Ke5 Bc6 Rc8 Re1 Kd6 Be4 Rc3 Kg4 Rc4 Kf5 Rxe4 Kxe4 Ra1 Re2 b1=Q Kf3 Ra3 Kf2 Ra2 Ke3 Rxe2 Kxe2 Qb2 Ke3 a5 Kf3 a4 Ke4 a3 Kf5 a2 Kg6 a1=Q Kf7 Qa7 Kg6 Qf6 Kxf6 Qa6 Kf7 Kc7 Kg7 Qe6 Kf8
2021.03.16,Taubenblau,1459,BTPAgriculteur,1441,1,1,1,Bongcloud Attack,e4 e5 Ke2 Ke7 Ke1 Ke8 Ke2 Ke7 Ke1 Ke8 Ke2 Ke7
2021.03.16,leonberginkoira,1024,Rumeysa19,1001,1,1,1,Bongcloud Attack,e4 e5 Ke2 Ke7 Nf3 Nc6 d3 Ke8 Ke1 Nd4 Nxd4 exd4 c3 dxc3 Nxc3 Nf6 Bg5 Be7 e5 Nh5 Bxe7 Qxe7 Qxh5 g6 Qh6 Qxe5 Ne4 Qxb2 Rd1 Qxa2 Be2 d5 Nf6 Ke7 Nxh7 Qa5 Rd2 Qa1 Bd1 Qe5 Re2
2021.03.16,ygrtf,1640,SantiagoReyesVzla,1632,1,1,1,Bongcloud Attack,e4 e5 Ke2 Ke7 Ke1 Ke8 Ke2 Ke7 Ke1 Ke8 Ke2 Ke7
2021.03.16,Olaug,1228,TuPapaSoyYo,1232,1,1,1,Bongcloud Attack,e4 e5 Ke2 Ke7 Ke1 Ke8 Nc3 Nf6 d3 d6 Bg5 Be7 Qd2 Nc6 Nf3 Bg4 Be2 d5 exd5 Nxd5 Bxe7 Ndxe7 h3 Bh5 g4 Bg6 Qe3 Nd5 Qg5 Nxc3 Qxd8 Rxd8 bxc3 f5 gxf5 Bxf5 Kd2 Ne7 Nxe5 Rd5 Ng4 h5 Ne3 Re5 Nxf5 Nxf5 d4 Re7 Rae1 Kf7 Bc4 Kf6 Rxe7 Nxe7 Kd3 Rf8 f3 Kg5 Rg1 Kh4 Rxg7 Nf5 Rxc7 Kxh3 Rxb7 Nd6 Rxa7 Rxf3 Kd2 Ne4 Ke2 Rxc3 Re7 Ng3 Kf2 Rxc4 d5 Rxc2 Ke3 Nf5 Ke4 Nxe7 d6 Re2 Kf4 Nc6 a4 Rd2
2021.03.16,Clubhuizachess,1948,RAFAELRIVERA,1556,1,1,1,Bongcloud Attack,e4 e5 Ke2 Ke7 Ke3 Ke6 Bc4 Ke7 Qh5 g6 Qxe5
2021.03.16,Kapouais,1294,eaglechessnxt,1220,1,1,1,Bongcloud Attack,e4 e5 Ke2 Ke7 Kd3 d6 Kc4 c6 Kb4 Qb6 Ka4 c5 a3 Bd7 Bb5 Qxb5
2021.03.16,SmartPopil,1845,Valladorn,1887,1,1,1,Bongcloud Attack,e4 e5 Ke2 Ke7 Nf3 d6 Nc3 Bg4 h3 Bxf3 gxf3 g6 d3 f5 Bg5 Nf6 Nd5 Kd7 Bxf6
2021.03.16,Valladorn,1881,SmartPopil,1851,1,1,1,Bongcloud Attack,e4 e5 Ke2 Ke7 Ke1 Ke8 Ke2 Ke7 Ke1 Ke8 Ke2 Ke7
2021.03.17,OliversArmy69,1161,Joel_2006,1194,1,1,1,Bongcloud Attack,e4 e5 Ke2 Ke7 Nc3 Nc6 Nf3 Nf6 d4 d6 dxe5 dxe5 Qxd8 Kxd8 Bg5 Be7 Rd1 Bd7 Nd5 Nxd5 Bxe7 Ncxe7 exd5 c6 dxc6 Nxc6 Ke1 b6 Bb5 Kc7 c4 f6 b3 Kb7 Bxc6 Bxc6 Nh4 g5 Nf5 Bxg2 Rg1 Bh3 Ne7 h5 Ng6 Rhg8 Ne7 Rge8 Nd5 Rad8 Rg3 Be6 Rf3 f5 h3 g4 Rg3 f4 Rc3 gxh3 Kd2 Rg8 Rh1 e4 f3 e3 Ke2 Rg2 Ke1 h2 Rd3 Rg1 Rxg1 hxg1=Q Ke2 h4 Ne7 Rxd3
2021.03.17,OliversArmy69,1135,Lycanthrope19,1229,1,1,1,Bongcloud Attack,e4 e5 Ke2 Ke7 Nf3 Ke8 Nxe5 d6 Nxf7 Qe7 Nxh8 Bg4 f3 Bh5 g4 Bg6 d3 h5 gxh5 Bxh5 Nc3 g6 Rg1 Qf6 Nd5 Qg7 Nxg6 Bxg6 Bf4 Na6 c4 c5 Qa4 Kd8 a3 Qxb2 Ke3 Qxa1 Qb5 Rb8 Bxd6 Bxd6 Rxg6 Qh8 Rxd6 Kc8 Qd7
2021.03.17,VladIPineta,1387,tommyp709,1498,1,1,1,Bongcloud Attack,e4 e5 Ke2 Ke7 Nf3 Nc6 Ng5 Kd6 Nxf7 Kc5 Nxd8 Nxd8 Kf3 d6 d4 exd4 Be3 dxe3 Qd5 Kb6 Qb5
2021.03.17,chewbean,1438,diegodestructo,1564,1,1,1,Bongcloud Attack,e4 e5 Ke2 Ke7 Nf3 Nc6 d3 d6 g3 Bg4 Bg2 Kd7 h3 Bxf3 Bxf3 Qf6 Re1 Nd4 Ke3 Ne7 c3 Nxf3 Qxf3 Qh6 Ke2 Qxh3 Rh1 Qe6 Na3 g6 Bh6 Bxh6 Rxh6 f5 Rah1 Raf8 Rxh7 fxe4 Qxe4 Qg4 Qxg4
2021.03.17,chewbean,1446,diegodestructo,1557,1,1,1,Bongcloud Attack,e4 e5 Ke2 Ke7 Nf3 Nc6 g3 d6 Bg2 Bg4 h3 Bh5 Re1 f6 Kf1 Nh6 d3 Nd4 Bxh6 Qd7 Be3 Nxf3 Bxf3 Bxf3 Qxf3 Qxh3 Ke2 g6 Rh1 Qe6 Nc3 Bg7 Nd5 Kd7 Bh6 Bxh6 Rxh6 c6 Nc3 Raf8 Rah1 f5 Rxh7 Rxh7 Rxh7 Rf7 Rxf7 Qxf7 exf5 gxf5 g4 f4 Ne4 Qxa2 g5 Qxb2 g6 Qxc2 Nd2 Qa2 Qg4 Ke7 Qg5 Kf8 Qf6 Kg8 Qxd6 b5 Qxe5 b4 Qxf4 b3 Qh6 b2 Qh7 Kf8 g7 Kf7 g8=Q Kf6 Qxa2 b1=Q Qxb1 Kg5 Qbb7 Kf6 Qxc6 Ke5 Qhh6 Kd4 Qcg6 Ke5 Qgg5 Kd4 Qhh4 Kc3 Qc5 Kb2 Qhb4
2021.03.17,Shrshy,1203,ShivanshiVerma,1170,1,1,1,Bongcloud Attack,e4 e5 Ke2 Ke7 Ke3 Ke6 f4 f6 g4 g6 h4 h6 d4 d6 c4 c6 b4 b6 a4 a6 Ke2 Ke7 Ke1 Ke8 c5 exd4 cxb6 Qxb6 b5 Qc5 bxc6 Qb6 a5 Qxc6 h5 Qxe4 Be2 Qxf4 g5 fxg5 hxg6 Ke7 g7 Rh7 gxf8=Q Qxf8 Kd2 Qd8 Ke1 Qxa5 Kf1 Qxa1 Na3 d3 Bxd3 d5 Bxh7 Nf6 Bg6 h5 Rxh5 Bg4 Rxg5 Bh5 Bxh5 Nxh5 Rxh5 Kf7 Rxd5 Qh8 Bb2
2021.03.17,DarnitWhy,738,jerrylion101,878,1,1,1,Bongcloud Attack,e4 e5 Ke2 Ke7 d4 f6 Ke3 exd4 Kxd4 Nc6 Kd5 f5 e5 d6 exd6 cxd6 Qe1 Kf7 Qe6 Bxe6
2021.03.17,Marouanefauzi,1027,mrphcrpt,1050,1,1,1,Bongcloud Attack,e4 e5 Ke2 Ke7 Nc3 Ke8 Ke1 Nf6 Nf3 d6 g3 Nbd7 Bg2 Be7 Ke2 Nc5 d3 c6 Re1 Kd7 Bg5 Kc7 Kf1 Be6 a4 Rc8 Kg1 Kb8 a5 a6 b4 Ncd7 Ne2 d5 Nd2 Bxb4 Rb1 Bxa5 Rb2 b5 Ra2 d4 Qa1 Bxa2 Qxa2 Bxd2 Rd1 Bxg5 Qxa6 Qb6 Re1 Qxa6 Rb1
2021.03.17,AlphaPlatinum,1799,OldBenoniOnly,1766,1,1,1,Bongcloud Attack,e4 e5 Ke2 Ke7 Ke3 Ke6 Kd3 Kd6 Kc3 Kc6 Kb3 Kb6 Kc4 Ka5 Kd5 Kb4 Kxe5 Kc5 Kf5 Kd4 Kf4 Kc5 Ke5 Kc6 Kd4 Kd6 Kc4 Ke5 Kc3 Kxe4 Kc4
2021.03.17,bka98,859,George1409,951,1,1,1,Bongcloud Attack,e4 e5 Ke2 Ke7 Ke3 Nf6 Nh3 b6 f3 g6 Ng5 Bb7 d3 Nc6 f4 exf4 Kxf4 Bh6 h4 Bxg5 hxg5 d5 gxf6 Kxf6 e5 Nxe5 Qe2 Re8 Qd1 g5 Kg3 Rh8 Rh6 Kg7 Qh5 Ng6 Qxg5 Qxg5 Bxg5 Rae8 Kh2 Re5 Rh5 h6 Bf6 Kxf6 Rxe5 Kxe5 Nc3 h5 Re1 Kd6 Nb5 Kc5 Nxa7 h4 d4 Kxd4 Rd1 Kc5 a3 Nf4 b4 Kd6 c4 h3 Be2 Nxe2
2021.03.17,upadhyayheet042,1187,Pierrechak,1189,1,1,1,Bongcloud Attack,e4 e5 Ke2 Ke7 f3 f6 d3 Nc6 c4 Ke8 Nc3 d6 Nd5 f5 exf5 Bxf5 Nh3 Nd4 Ke1 c6 Ne3 d5 cxd5 cxd5 Nxf5 Nxf5 Qb3 Nf6 Qxb7 Bd6 Qc6 Qd7 Qxa8 Qd8 Qxd8 Kxd8
2021.03.17,yuugen_rei,1436,immark,1420,1,1,1,Bongcloud Attack,e4 e5 Ke2 Ke7 Nf3 Ke8 Ke1 Nc6 Bb5 a6 Bxc6 dxc6 Nxe5 Bc5 Qf3 Nf6 c3 Qd6 d4 Ba7 Nc4 Qd8 h3 h6 e5 Nd5 Nbd2 b5 Ne3 Be6 Qg3 g6 Ne4 Ke7 Nxd5 cxd5 Nf6 c6 Qh4 Kf8 Bxh6 Rxh6 Qxh6 Ke7 Qg5 Qa5 Nxd5 Kd7 Qe7 Kc8 Qf8 Kb7 Qe7 Kb8 Qe8 Kb7 Qe7 Kb8 Nf6 Bd5 Nd7 Kb7 Nc5 Kb6 Nd7 Kc7 Nf6 Kb8 Nxd5 cxd5 Qd6 Kc8 Qxd5 Qc7 Qxa8 Qb8 Qc6 Qc7 Qe8 Qd8 Qxd8 Kxd8 Kd2 Ke7 Rae1 Ke6 f4 Bb6 Rhf1 a5 b4 axb4 cxb4 Bc7 a3 Bd8 Rc1 Be7 Rc7 f6 Rb7 fxe5 fxe5 g5 Rxb5 Bf8 Rb6 Kd7 Rxf8 Kc7 Rg6 Kb7 Rf7 Kb8 Rg8
2021.03.17,MorsomtNavn,1379,bongclouddraw,1409,1,1,1,Bongcloud Attack,e4 e5 Ke2 Ke7 Nf3
2021.03.17,Multajek,1141,SCMudur,1132,1,1,1,Bongcloud Attack,e4 e5 Ke2 Ke7 Ke1 Ke8 d4 f6 dxe5 fxe5 Nf3 Nc6 Bb5 a6 Bxc6 dxc6 b3 Bb4 Nbd2 Bc3 Rb1 Nf6 Bb2 Bxb2 Rxb2 Rf8 Nxe5 Bg4 Nxg4 Nxg4 Qxg4 Qd6 Qf4 Rxf4 Rf1 Rd8 g3 Qxd2
2021.03.17,SCMudur,1138,Multajek,1135,1,1,1,Bongcloud Attack,e4 e5 Ke2 Ke7 Ke1 Ke8 Nf3 Nc6 Bc4 Nf6 Ng5 d5 exd5 Nxd5 Na3 Be6 Nb5 Qxg5 Nxc7 Nxc7 Bxe6 Nxe6 h4 Qg6 Qf3 Ned4 Qd5 Nxc2 Kd1 Nxa1 Re1 Rd8 Qb5 Nc2 Re2 Rd7 Rxe5 Be7 Rc5 N6d4 Rxc2 Qg4 Ke1 Nxb5 Rc8 Bd8 d3 Nd4 Bg5 Qe2
2021.03.17,mrcomplexxx,1343,rssphd,1354,1,1,1,Bongcloud Attack,e4 e5 Ke2 Ke7 Ke1 Ke8 Ke2 Ke7 Ke1 Ke8 Ke2 Ke7
2021.03.17,PaytonM34,685,HydroOwl,829,1,1,1,Bongcloud Attack,e4 e5 Ke2 Ke7 Ke1 Nc6 Nc3 Nf6 Bc4 d6 g4 Bxg4 f3 Bh5 b3 Nd4 Nge2 Bxf3 Nd5 Nxd5 Bxd5 Nxe2 Bc4 Bxh1 Bxe2 d5 exd5 Qxd5 d4 exd4 c3 Qg2 cxd4 Qg1 Bf1 Qxh2 Ba3 Kd8 b4 Qg3 Kd2 Qf4 Kd3 Bf3 Be2 Be4 Kc3 Qe3 Bd3 Bf3 Qf1 Be4 Qxf7 Qxd3 Kb2
2021.03.17,mssnipa,1567,Vectim,1601,1,1,1,Bongcloud Attack,e4 e5 Ke2 Ke7 Nf3 Nc6 g3 Nf6 d3 b6 Bg2 Bb7 Re1 h6 Rf1 g5 Re1 g4 Nh4 Nh5 Kf1 f5 Nxf5 Ke6 Qxg4 Nf6 Nc3 Nxg4 f4 Nxh2 Kg1 Ng4 fxe5 Ncxe5 Bf4 Bd6 Nd4 Kf6 Bxe5 Bxe5 Nf3 Bxc3 bxc3 d5 d4 dxe4 Nh4 Qd6 Rf1 Kg5 Rf5
2021.03.17,CFN-2265,1305,chackoman15379,1309,1,1,1,Bongcloud Attack,e4 e5 Ke2 Ke7 Ke1 Ke8 Ke2 Ke7 Ke1 Ke8 Ke2 Ke7 Ke1 Ke8 Ke2 Ke7 Ke1 Ke8 Ke2 Ke7
2021.03.17,kateryna,2750,Rustools,2444,1,1,1,Bongcloud Attack,e4 e5 Ke2 Ke7 Nf3 d6 d4 exd4 Nxd4 Nf6 f3 g6 Kf2 Bg7 Nc3 Re8 Be3 Kf8 Qd2 Nc6 Rd1 Bd7 g3 Nxd4 Bxd4 Kg8 Bg2 Bc6 Rhe1 Nd7 Kg1 Bxd4 Qxd4 Qf6 Qd2 Ne5 Qe2 a6 f4 Nd7 Qf2 Qg7 Qd4 Qxd4 Rxd4 Re7 Kf2 Rae8 h3 f5 Re2 fxe4 Bxe4 Nf6 Bxc6 Rxe2 Nxe2 bxc6 Nc3 c5 Ra4 Rb8 b3 Rb6 g4 Kf7 Kf3 c6 h4 Nd5 Ne4 Ke6 Ng5 Kd7 Nxh7 Nc3 Rc4 Nxa2 Re4 Nc3 Nf6 Kd8 Re8 Kc7 h5 gxh5 gxh5 Nb5 h6 Nd4 Kg4
2021.03.17,sarperen2004,1282,MouldyVinegar,827,1,1,1,Bongcloud Attack,e4 e5 Ke2 Ke7 Ke1 Ke8 Ke2 Ke7 Ke1 Ke8 Ke2 Ke7
2021.03.17,Master0Magic,1579,Haccler,1472,1,1,1,Bongcloud Attack,e4 e5 Ke2 Ke7 Nc3 Nc6 d3 f6 Nf3 Kf7 Be3 Nge7 Kd2 d6 Be2 Be6 Qf1 g5 Rd1 b6 Kc1 Nb4 b3 Qd7 Qe1 Qc6 Nd5 Nxa2 Kb2 Bxd5 exd5 Qxd5 Kxa2 a5 d4 a4 Kb2 axb3 cxb3 exd4 Bc4 Bg7 Bxd4 Ra7 Bxd5 Nxd5 h4 Rha8 hxg5 Ra2 Kc1 Nb4 gxf6 Rc2 Kb1 Raa2 Qe7 Kg6 Nh4 Kh5 Nf3 Kg6 Qxg7 Kf5 Qg5 Ke4 Rhe1 Re2 Rxe2 Rxe2 Re1 Rxe1 Nxe1 Kxd4 Qf4 Kc5 f7 Nd5 Qc4
2021.03.17,l3ard,792,shinedpanda,754,1,1,1,Bongcloud Attack,e4 e5 Ke2 Ke7 b3 Nc6 d3 Nf6 Bg5 d5 exd5 Qxd5 c4 Bg4 f3 Qd4 fxg4 Qxa1 Nf3 Qxa2 Nbd2 Rd8 Qb1 Qxb1 Nxb1 h6 Bh4 g5 Bf2 Nxg4 Bc5 Ke6 h3 Bxc5 hxg4 e4 Rxh6 Rxh6 Nxg5 Ke7 Nxe4 Re6 Kd2 Rxe4 Kc3 Re1 Nd2 Bd4 Kc2 Nb4
2021.03.17,Gmalperen05,1260,TheKart,1121,1,1,1,Bongcloud Attack,e4 e5 Ke2 Ke7 Ke1 Ke8 Ke2 Ke7 Ke1 Ke8 Ke2 Ke7
2021.03.17,AlanZoloev,1042,BilalYlmz7,885,1,1,1,Bongcloud Attack,e4 e5 Ke2 Ke7 Nf3 Nf6 Ke1 Ke8 Ke2 Ke7 Ke1 Ke8 Ke2 Ke7 Ke1 Ke8 Ke2 Bc5 Nc3 d6 Ke1 Nfd7 Bb5 c6 Ba4 d5 exd5 Kf8 dxc6 bxc6 Bxc6 Nb6 Bxa8 f5 Nxe5 Qf6 f4 Ke8 Qh5 Kf8 Nd3 g6 Qh6 Qg7 Qxg7 Kxg7 Nxc5 Nxa8 Nd5 Be6 Nxe6 Kf7 Ng5 Ke8 b3 Nc6 Ba3 h6 Ne6 Kd7 Nc5 Kd6 Nb4 Kxc5 c3 Re8 Kf1 Nb6 d4 Nxd4 cxd4 Kxd4 Nc6 Kd5 Nb4 Kc5 Rc1 Kb5 Nd3 Ka6 Rc6 Rd8 Nb4 Kb5 Rf6 Rd1 Kf2 Rxh1 Rxg6 Rb1 Rxh6 Ra1 Rh5 Rxa2 Kg3 Rxa3 Rxf5 Kxb4 h4 Rxb3 Kg4 a5 h5 a4 h6 a3 h7 a2 h8=Q a1=Q Qxa1
2021.03.17,philhobs,1450,Ya__Boy,1386,1,1,1,Bongcloud Attack,e4 e5 Ke2 Ke7 Qe1 Qe8 Kd1 Kd8 Nf3 Nc6 Nc3 Nf6 Bc4 d6 d3 Be6 Bxe6 Qxe6 Be3 Nd4 Nxd4 exd4 Bxd4 Qg4 Qe2 Qxg2 Re1 Qxh2 b3 c5 Bxf6 gxf6 Nd5 Qe5 Nc7 Kxc7 Kd2 Bh6 Kd1 Qxa1
2021.03.17,philhobs,1449,Ya__Boy,1385,1,1,1,Bongcloud Attack,e4 e5 Ke2 Ke7 Qe1 Qe8 Kd1 Kd8 Bc4 d6 Nf3 Be6 b3 Bxc4 bxc4 Nf6 Nc3 Nc6 Bb2 Nd4 Nxd4 exd4 Nd5 Nxe4 Bxd4 Nc5 Rb1 Qxe1 Rxe1 b6 d3 Kd7 f4 Re8 g3 Rxe1 Kxe1 Be7 Kd2 Re8 Re1 Bf8 Rxe8 Kxe8 Nxc7 Kd7 Nd5 f6 h3 Na4 a3 Nb2 Bxb2 Be7 Bd4 h6 g4 g5 fxg5 fxg5 Bg7 Kc6 Bxh6 a5 Nxe7 Kc5 Nd5 b5 Kc3 bxc4 dxc4 Kc6 Ne7 Kc5 Nf5 Kc6 Bf8 d5 cxd5 Kxd5 Ne3 Ke4 Nc4 Kf3 Nxa5 Kg2 Nc4 Kxh3 a4 Kxg4 a5 Kf3 a6 g4 a7 g3 a8=Q Kf2 Qe4 g2 Qe3 Kf1 Bc5 g1=Q Qxg1 Ke2 Qe3 Kd1 Qd2
2021.03.17,Ya__Boy,1359,philhobs,1458,1,1,1,Bongcloud Attack,e4 e5 Ke2 Ke7 Qe1 Qe8 Kd1 Kd8 Bc4 Nc6 d3 f6 Nc3 Nge7 Be3 d6 b3 Bg4 Kc1 b6 f3 Bd7 Nd5 Nxd5 Bxd5 Rc8 Kb2 Be6 Rc1 Bxd5 exd5 Nd4 Bxd4 exd4 Qxe8 Kxe8 Re1 Kd7 Nh3 Re8 Rxe8 Kxe8 Re1 Kd7 Nf4 Be7 Ne6 Re8 Nxg7 Rg8 Ne6 Rxg2 Nxc7 Rxh2 Ne6 a5 Nxd4 h5 Nb5 h4 Nc3 h3 Ne4 Rg2 Rh1 h2 Kc3 f5 Nd2 Bf6 d4 Bg5 Nf1 Bf4 Nxh2 Bxh2 Re1 Bf4 Kb2 Rd2 Rb1 Rxd4 a4 Rd2 Ka3 Rf2 c4 Rxf3 Re1 Rf2 Rg1 Bd2 Rg7 Kd8 Rb7 Bb4
2021.03.17,Krawumperl,1415,iammo,1404,1,1,1,Bongcloud Attack,e4 e5 Ke2 Ke7 d4 d6 d5 Nf6 Nc3 Qd7 Nf3 Kd8 g3 Qe8 Bg2 Na6 Re1 Nc5 Kf1 Bg4 h3 Bxf3 Qxf3 Kd7 a3 Rd8 b4 Na6 Qf5 Ke7 Nb5 Qd7 Qxd7 Nxd7 Nxa7 c6 dxc6 bxc6 Nxc6 Ke8 Nxd8 Kxd8 h4 Nf6 Bh3 d5 exd5 Nxd5 Rd1 Nc7 Bb2 Bd6 c4 Ke7 cxd5 Rd8 Re1 Kf6 f4 Re8 Bd7 Re7 fxe5 Bxe5 Bxe5 Rxe5 Rxe5 Kxe5 Re1 Kxd5 Re7 Ne6 Rxf7 Kc4 Bxe6 Kb5 Rxg7 Ka4 Ra7 Kb5 Rxh7
2021.03.17,Eldar1707,912,Pelgrimm,1026,1,1,1,Bongcloud Attack,e4 e5 Ke2 Ke7 Ke1 Ke8 Ke2 Nf6 Ke1 Nxe4 Qg4 d5 Bb5 Bd7 Bxd7 Nxd7 d3 Nef6 Qf5 g6 Qg5 Be7 c4 dxc4 dxc4 Nb6 b3 c5 Nf3 e4 Ne5 h6 Qg4 h5 Qh4 Bd6 Bg5 Bxe5 Bxf6 Bxf6 Qxe4 Qe7 f3 Qxe4 fxe4 Bxa1 Kf1 Nd7
2021.03.17,lesclaypoolsucks,1412,bongclouddraw,1437,1,1,1,Bongcloud Attack,e4 e5 Ke2 Ke7
2021.03.17,kostasp76,1860,cagatayulusoy,1846,1,1,1,Bongcloud Attack,e4 e5 Ke2 Ke7 d4 f6 d5 Kf7 Be3 b6 Ke1 Bb7 Be2 c6 c4 Bb4 Nc3 Ne7 Nf3 cxd5 cxd5 Ba6 Bxa6 Nxa6 a3 Bxc3 bxc3 Nc5 Bxc5 bxc5 Kf1 d6 Kg1 Ng6 g3 h5 Nh4 Nxh4 gxh4 f5 Qf3 f4 Rb1 Qxh4 Rb7 Kf6 Kf1 Rad8 Rg1 g5 Qd1 g4 Qa4 Qh3 Ke1 Qxc3 Kf1 Qd3 Kg2 Qh3 Kh1 Qf3 Rg2 h4 Qxa7 Rhf8 Rh7 Qd1 Rg1 Qf3 Rg2
2021.03.18,joel_chess,1190,introspectio,1242,1,1,1,Bongcloud Attack,e4 e5 Ke2 Ke7 Nf3 Nc6 d4 d6 dxe5 dxe5 Qxd8 Kxd8 Nc3 Bg4 h3 Bh5 g4 Bg6 Be3 Nf6 Nd5 Nxd5 exd5 Nb4 Nxe5 Ke7 c3 Nxd5 Nxg6 fxg6 Bg2 Nxe3 fxe3 Re8 Bxb7 Kf7 Bd5 Kf6 Rhf1 Kg5 Rad1 Bc5 b4 Bxe3 Kf3 Rhf8 Kg2 Rxf1 Rxf1 Rd8 Rd1 h5 Kg3 hxg4 hxg4 Kf6 a4 Ke5 Bf3 Rxd1 Bxd1 Bd2 c4 Bxb4 g5 Kf5 Kh4 Bd6 Bc2 Kf4 Bxg6 Ke5 Be8 Kf4 Kh5 Bf8 g6 Kf5 Kh4 Kf6 Kg4 Ke7 Bf7 Kf6 Kf4 Ke7 Ke4 Kd6 Kd4 Kc6 Ke5 Kd7 Kd5 c6 Kd4 Kd6 Kc3 c5 a5 Kc6 Kb3 Kd6 a6 Kc6 Ka4 Kb6 Kb3 Be7 Be8 Bf8
2021.03.18,intj_17,1459,chancecake,1461,1,1,1,Bongcloud Attack,e4 e5 Ke2 Ke7 Ke3 Ke6 Kf3 Kf6 Kg4 d6 Kh5 g6 Kh4 Ke6 Kg3 Qg5 Kf3 Qf4 Ke2 Qxe4
2021.03.18,chancecake,1467,intj_17,1453,1,1,1,Bongcloud Attack,e4 e5 Ke2 Ke7 Ke3 Ke6 Kf3 Kd6 Kg4 Kc5 d3 Qe8 Be3 Kb4 Qd2 Kb5 Nc3 Kc6 Nf3 d5 Kg3 h5 d4 h4 Nxh4 Qe7 Bb5 Kd6 dxe5 Kxe5 Bf4 Kf6 Bg5 Ke5 Bf4 Ke6 Qxd5 Kf6 e5 Qxe5 Qxe5
2021.03.18,intj_17,1448,chancecake,1472,1,1,1,Bongcloud Attack,e4 e5 Ke2 Ke7 Ke3 Ke6 Kf3 Kf6 Ke3 Ke6 Kd3 Kd6 Kc4 Kc6 d4 d6 dxe5 b5 Kb3 Ba6 a4 Nd7 axb5 Bxb5 Qd5 Kb6 Qxb5
2021.03.18,chancecake,1466,intj_17,1454,1,1,1,Bongcloud Attack,e4 e5 Ke2 Ke7 Kd3 Ke6 Kc4 Kf6 Kb3 d5 exd5 Qxd5 c4 Qa5 a3 Bd7 Nc3 b5 Ka2 bxc4 Bxc4 Nc6 Nf3 Nb4 Kb1 Bf5 Bd3 Bxd3 Qc2 Bxc2
2021.03.18,intj_17,1460,chancecake,1460,1,1,1,Bongcloud Attack,e4 e5 Ke2 Ke7 Ke3 Ke6 Kd3 Kd6 Kc4 Kc6 d4 b5 Kc3 d6 a4 a6 axb5 axb5 Rxa8 Ba6 d5 Kd7 Na3 Nf6 Bxb5 Bxb5 Nxb5 Nxe4 Kb3 Nxf2 Qh5 g6 Qf3 Nxh1 Qxf7 Be7 Bg5 Nf2 Bxe7 Qxe7 Qxf2 Qg5 Qf7 Qe7 Qxe7 Kxe7 Nf3 e4 Nfd4 Re8 Nc6 Kd7 Rxb8 Re5 Nxe5 dxe5 Rh8 e3 Nc3 e4 Rxh7 Kd6 Rh3 Kc5 Rxe3 Kd4 Rxe4 Kc5 Re7 Kd6 Rg7 c5 Rxg6 Ke5 h4 Kd4 h5 c4 Kb4 Ke3 h6 Kd2 h7 Kxc2 h8=Q Kxb2 Qa8 Kc2 Qa2 Kd3 Rg3 Kd4 Qd2 Ke5 Re3 Kd6 Ne4 Kc7 d6 Kc6 d7 Kb7 d8=Q Kc6 Q2d5
2021.03.18,roshuleskoandrei,1981,OsamaMoh,2009,1,1,1,Bongcloud Attack,e4 e5 Ke2 Ke7 f4 f5 d4 d5
2021.03.18,atak_12,1630,capcap001,1626,1,1,1,Bongcloud Attack,e4 e5 Ke2 Ke7 Nf3 Nc6 Nc3 Nf6 b3 d6 Bb2 Bg4 d3 Qd7 Qd2 Re8 Kd1 Kd8 Ke2 Kc8 Re1 Kb8 Kd1 g6 Kc1 h5 Kb1 Bh6 Qe2 Nd4 Qd1 d5 h3 Bxf3 gxf3 Qc6 exd5 Nxd5 Nxd5 Qxd5 Bc1 Nxf3 Bg2 Nd2 Bxd2 Qxg2 Bxh6 Rxh6 d4 Qxf2 dxe5 Rhh8 e6 fxe6 Qd7 Rd8 Qxe6 a6 Rhf1 Qg2 Rf7 Rd2 Rc1
2021.03.18,Kipperkipkip,940,sryrzgr,1016,1,1,1,Bongcloud Attack,e4 e5 Ke2 Ke7 d3 Nc6 Bg5 f6 Bh4 g5 Bg3 h5 h4 g4 f4 d6 f5 Bh6 Kf2 b6 c3 Bb7 d4 exd4 cxd4 d5 exd5 Qxd5 Nc3 Qxf5 Nf3 Rd8 Bxc7 Rd7 Bg3 Nxd4 Bd3 Bxf3 Re1 Be4 Kg1 Kf7 Bxe4 Qf4 Bxf4 Nf3 gxf3 Rxd1 Rexd1 Ne7 Rd7 Re8 Bd5 Kg6 Ne4 Bxf4 Nd6 Bxd6 Rxd6 g3 Kg2 Nf5 Rd7 Re2 Kf1 g2 Kxe2 g1=Q Rxg1
2021.03.18,DionDenzelAdvincula,1772,Husse1n,1775,1,1,1,Bongcloud Attack,e4 e5 Ke2 Ke7 Ke1 Ke8 Ke2 Ke7 Ke1 Ke8 Ke2 Ke7
2021.03.18,ThienBuu,745,sharud,828,1,1,1,Bongcloud Attack,e4 e5 Ke2 Ke7 d3 Nc6 Nd2 Nf6 c3 d6 Qc2 Be6 Ngf3 g5 b4 Bh6 a3 Rg8 Bb2 g4 Nh4 Bxd2 Kxd2 h5 Be2 a5 b5 Nb8 a4 c6 c4 cxb5 axb5 Qb6 Nf5 Kd7 Ba3 Qxf2 Nxd6 Qxg2 Rhf1 Qxh2 Rxf6 Rg6 Rxf7 Bxf7 Nxf7 Rf6 Nxe5 Ke6 Nxg4 Qf4 Ne3 Qe5 Rf1 Rxf1 Bxf1 Nd7 Bh3 Kf6 Nd5 Kg5 Be7 Kg6 Qc1 Qg3 Bf5 Kf7 Bxd7 Rg8 Qf1 Kg6 Qf6 Kh7 Bf5 Rg6 Qf7 Kh6 Bxg6 Qxg6
2021.03.18,Odhiimori,915,NateQ22,811,1,1,1,Bongcloud Attack,e4 e5 Ke2 Ke7 Kf3 Kf6 Kg4 d6 Kh4 Kg6 Kg3 Be7 a3 Bh4 Kf3 Kg5 a4 Bg4 Ke3 Nc6 Qxg4 Kxg4 h3 Kh5 Kf3 Nd4 Ke3
2021.03.18,hilfigertout,1363,eldeep007,1361,1,1,1,Bongcloud Attack,e4 e5 Ke2 Ke7 Qe1 Qe8 Kd1 Kd8 Nc3 Nc6 Nf3 Bb4 Nd5 f6 Bb5 a6 Bxc6 dxc6 Nxb4 a5 Nd3 b5 Nc5 Qe7 Qe3
2021.03.18,alirezabatooei,967,Ezequiel_123a,947,1,1,1,Bongcloud Attack,e4 e5 Ke2 Ke7 d3 Nc6 Bg5 f6 Bc1 Ke8 Ke1 Bc5 c3 Nge7 d4 exd4 cxd4 Bxd4 Bb5 Ng6 Bxc6 dxc6 Nf3 Bxf2 Kxf2 Qxd1 Rxd1 Bg4 Bf4 Nxf4 h3 Bxf3 gxf3 Nxh3 Kg2 Nf4 Kg3 Ne2 Kf2 Nf4 Nc3 Rd8 Rxd8 Kxd8 Rd1 Ke7 Nd5 Nxd5 exd5 Rd8 dxc6 Rxd1 cxb7 Rd2 Ke3 Rxb2 b8=Q Rxb8 Kf4 h5 Kg3 f5 Kh4 Rh8 f4 g6 a4 Kd6 a5 Kc5 a6 Kd4 Kg5 Rg8 Kh6 c5 Kg5 c4 Kh6 c3 Kh7 c2 Kxg8 c1=Q Kg7 Qg1 Kf6 Qg4 Ke6 Qxf4 Kd7 Qd2 Kc7 Kc5 Kb7 Qd7 Ka8 Qc8 Kxa7 Qc7 Ka8 Qc6 Ka7 Qxa6 Kxa6 h4 Ka5 h3 Ka4 h2 Kb3 h1=Q Kc3 Qf3 Kd2 Kd4 Ke1 Qe3 Kf1 Qd3 Kf2 f4 Kg2 f3 Kf2 Qe2 Kg3 Qg2 Kf4 g5 Kf5 Qc2 Kxg5 f2 Kg4 Qd1 Kg3 Ke3 Kg2 f1=Q Kg3 Qdf3 Kh4 Q1h1 Kg5 Qg1 Kh4 Qfh1
2021.03.18,TBBE,1306,SmartPepper,1431,1,1,1,Bongcloud Attack,e4 e5 Ke2 Ke7 Ke1 Ke8 Ke2 Ke7 Ke1 Ke8 Ke2 Ke7
2021.03.18,Alejano,1263,Eser6767,1267,1,1,1,Bongcloud Attack,e4 e5 Ke2 Ke7 Nc3 Nc6 Nf3 Nf6 d3 Ke8 Bg5 Be7 h3 Nh5 Bxe7 Qxe7 Qd2 Nf4 Ke1 d6 g3 Nxh3 Bxh3 Bxh3 Rxh3 Qf6 Ke2 Nd4 Nxd4 exd4 Nd5 Qe6 Rah1 Kd7 Rxh7 Rxh7 Rxh7 c6 Nf4 Qxa2 b3 Rg8 Nh5 b6 Nxg7 Qa5 Nf5 Qe5 Rxf7 Ke6 Re7 Kf6 Rxe5 Kxe5 Qf4 Kf6 Qh6 Ke5 Ne7 Rc8 Qg5 Ke6 f4 Re8 f5 Ke5 Nxc6
2021.03.18,Alejano,1269,HighDex,1252,1,1,1,Bongcloud Attack,e4 e5 Ke2 Ke7 Nc3 Nc6 d3 Nd4 Ke1 Ke8 Nf3 c5 Nxd4 cxd4 Qf3 Be7 h4 d6 g4 Nh6 Bxh6 gxh6 g5 hxg5 hxg5 Bxg5 Rg1 Rg8 Be2 Qd7 Nd5 Qa4 b3 Qa5 Kf1 Be6 Nf6 Bxf6 Rxg8 Ke7 Rxa8 Qd2 Rxa7 Qxc2 Rxb7 Bd7 Qf5 Kf8 Qxd7 Qb2 Qxf7
2021.03.18,SaturiSakaki,1192,Ayushk1111,1170,1,1,1,Bongcloud Attack,e4 e5 Ke2 Ke7 Nf3 Nc6 d3 Nf6 Nc3 d6 g3 Bg4 Bg2 Qd7 Nd5 Nxd5 exd5 Nd4 Ke1 Bxf3 Bxf3 Nxf3 Qxf3 Re8 Bg5 f6 Be3 Kd8 Rd1 Kc8 b3 Be7 a4 Rhf8 h4 h5 c4 g6 Ke2 f5 Qg2 Bf6 Rhe1 f4 gxf4 exf4 Kd2 fxe3 fxe3 Bxh4 Rf1 Rg8 Qh1 g5 Kc2 Rxe3 Rde1 Rxe1 Rxe1 Bxe1 Qxe1 g4 Kc3 g3 b4 g2 Qg1 c6 dxc6 bxc6 d4 d5 cxd5 cxd5 Kd3 Qxa4 b5 Qxb5 Ke3 Qb3 Kf4 Qb4 Kf3 Qc3 Kf2 Qxd4 Ke2 Qxg1 Kd3 Rf8 Kc3 Qe1 Kd4 g1=Q Kxd5 Qg5 Kd6 Qge5 Kc6 Rf6
2021.03.18,VincentCespedes,1449,bylemali,1367,1,1,1,Bongcloud Attack,e4 e5 Ke2 Ke7 b3 Nf6 f3 Nc6 Bb2 d6 h3 Be6 c4 Qd7 d4 Re8 dxe5 dxe5 Nd2 Kd8 g4 Kc8 Bg2 Kb8 Ke1 Rd8 Bc3 g5 Ne2 h5 a4 hxg4 fxg4 Bb4 Ra2 Ne8 Rf1 Bxc3 Nxc3 Nb4 Ra1 Qd3 Nd5 Nc2 Kf2 Bxd5 exd5 Qe3
2021.03.18,LilNamey,1126,SantiagoFDZ2000,1249,1,1,1,Bongcloud Attack,e4 e5 Ke2 Ke7 Ke1 Ke8 Ke2 Ke7 Ke1 Ke8 Ke2 Ke7 Ke1
2021.03.18,WJJan25,1491,SarperS,1504,1,1,1,Bongcloud Attack,e4 e5 Ke2 Ke7 Ke1 Ke8 Ke2 Ke7 Ke1 Ke8 Ke2 Ke7
2021.03.18,QuasarAfterLife,1494,llingke5_benjamins,1470,1,1,1,Bongcloud Attack,e4 e5 Ke2 Ke7 Ke1 Ke8 Ke2 Ke7 Ke1 Ke8 Ke2 Ke7
2021.03.18,A_Nordio,1436,gabrielveiga01,1402,1,1,1,Bongcloud Attack,e4 e5 Ke2 Ke7 Qe1 Kd6 Kd1 Kc5 Nf3 Kd6 Ke2 Qg5 d3 Qe7 Qb4 Kc6 Qxe7 Kb5 Be3
2021.03.18,lockitdown21,1193,matein69moves,1156,1,1,1,Bongcloud Attack,e4 e5 Ke2 Ke7 Nf3 d6 d4 Bg4 h3 Bxf3 gxf3 Nc6 d5 Nd4 Kd3 Qd7 Bg5 f6 Bh4 Qa4 b3 Qb5 Ke3 Qb4 c3 Qb6 cxd4 exd4 Kf4 g5 Bxg5 fxg5 Kxg5 Bh6 Kh4 Rf8 Bg2 Rf4 Kg3 Nf6 Kh2 Rg8 Rg1 c5 Nd2 Qd8 Nc4 Rg7 Qe1 b5 Nd2 Rh4 Bf1 Rxg1 Kxg1 Qg8 Kh1 Bf4 Bg2 Rh6 Kg1 Rg6 Qf1 Nh5 Rd1 c4 bxc4 bxc4 Nxc4 Be5 Nxe5 dxe5 Rb1 Nf4 Rb7 Kd6 Rxa7 Nxg2 Kh1 Nf4 Ra6 Ke7 Rxg6 hxg6 Qg1 Nxh3 Qh2 Nf4 Qg3 Ne2
2021.03.18,l3ard,751,Bingus347,881,1,1,1,Bongcloud Attack,e4 e5 Ke2 Ke7 Nf3 Nf6 Nxe5 Ke6 f4 Nxe4 f5 Kxe5 Ke3 Nc5 d4 Kxf5 Bd3 Nxd3 Qf3 Ke6 cxd3 Qf6 d5 Kd6 Qg3 Qe5 Qxe5 Kxe5 d4 Kxd5 Nc3 Kc4 Rf1 Bb4 a3 Bxc3 bxc3 Kxc3 Bd2 Kb2 Rfb1 Kc2 Rc1 Kb2 Rab1 Kxa3 Rb4 Re8 Kd3 Nc6 Ra1
2021.03.18,Bingus347,854,l3ard,766,1,1,1,Bongcloud Attack,e4 e5 Ke2 Ke7 Nc3 Ke6 Ke1 f5 exf5 Kxf5 Qf3 Ke6 Bc4 d5 Qxd5 Qxd5 Nxd5 Kd6 Nb4 Be6 Bxe6 Kxe6 Nd3 Nc6 Nf3 Re8 Ke2 e4 Ng5 Kf5 Nxe4 Rxe4 Kf3 Nd4 Kg3 Bd6 Kh3 Kg5 f3 Rh4
2021.03.18,l3ard,771,CEGP,841,1,1,1,Bongcloud Attack,e4 e5 Ke2 Ke7 Nf3 Nc6 Ke3 Ke8 b3 Bc5 d4 Nxd4 Nxe5 Nxb3 Kd3 Nxa1 Qf3 f6 Nf7 Kxf7 Kc4 b6 Kc3 d5 e5 Nh6 e6 Kxe6 Qh3 Kf7 Bxh6 gxh6 Qh5 Kf8 Bd3 Bxf2 Na3 Qe7 Rxa1 Qxa3 Kd2 Bd4 Qxh6 Ke7 Qg7 Kd6
2021.03.18,austin57201,1588,Rewzilla,1617,1,1,1,Bongcloud Attack,e4 e5 Ke2 Ke7 Ke1 Ke8 Nf3 Nf6 Nxe5 Nxe4 Bd3 Nxf2 Kxf2 Qf6 Nf3 Bc5 Kf1 d5 Qe2 Be6 Nc3 Kd7 b3 Nc6 Bb2 Rhe8 Qd1 Bg4 Be2 Bxf3 Bxf3 Qh4 g3 Qd4 Kg2 Qf2 Kh3 h5 Bxh5 Rh8 Rf1 Qd4 Rxf7 Kd6 Nb5 Ke6 Nxd4 Bxd4 Bxd4 Nxd4 Qg4 Kd6 Qxd4 Kc6 g4 Rae8 Raf1 Re4 Qxg7 Rhe8 Qg6 Kc5 Rxc7 Kd4 c3 Kd3 Rf2 Kc2 Rxb7 Kd3 Rxa7 Kc2 a4 Kd3 a5 Kc2 Qf5 Re5 Qd7 Kxb3 Bg6 Rg5 Bxe4 dxe4 Rb7 Kc2 Qa4 Kd3 Rd7 Rd5 Rxd5
2021.03.18,Rewzilla,1610,AustenK,1105,1,1,1,Bongcloud Attack,e4 e5 Ke2 Ke7 Ke3 Ke6 Nf3 Nf6 Nc3 Nc6 Bc4 Kd6 Nb5 Kc5 d3 a6 b4 Kxb4 c3 Kc5 Ba3 Kb6 Qa4 Bxa3 Qxa3 axb5 Qxa8 bxc4 Qa3 cxd3 Rab1 Nb4 Qxb4 Kc6 Qb5 Kd6 Nxe5 d2 Nxf7 Ke7 Nxd8 Rxd8 Qe5 Kf7 Kxd2 Re8 Qxc7 Rxe4 Rhe1 Rxe1 Rxe1 Nd5 Qxc8 b5 Qxd7 Kf6 Qxd5 g5 Re6 Kf7 Qd7 Kf8 Re8
2021.03.19,JuanVillegas93,2101,Deadpool2620,2000,1,1,1,Bongcloud Attack,e4 e5 Ke2 Ke7 Ke1 Ke8 Ke2 Ke7 Ke1 Ke8 Ke2 Ke7
2021.03.19,danzetto,962,pengus_khan,928,1,1,1,Bongcloud Attack,e4 e5 Ke2 Ke7 d3 Nf6 Nf3 d6 Nc3 d5 Bg5 h5 Bxf6 gxf6 exd5 c6 d4 exd4 Nxd4 cxd5 Ncb5 Qd7 Qd3 Nc6 Nf5 Qxf5 Qxf5 Bxf5 Nc7 Rc8 Nxd5 Kd7 Nxf6 Kd6 Rd1 Kc7 Rd7 Kb8 Rxf7 Nd4 Kd1 Bxc2 Kd2 Bb4 Kc1 Bb3 Kb1 Bxf7 Bb5 Bg6 Ka1 Rc5 Nd7 Kc7 Nxc5 Bxc5 Rc1 Nxb5 Rxc5 Kb6 Rg5 Rd8 a3 Bf7 Rf5 Rd1
2021.03.19,danzetto,909,Jaramy,1068,1,1,1,Bongcloud Attack,e4 e5 Ke2 Ke7 d4 d5 exd5 exd4 Qxd4 Nf6 Qb4 Ke8 Qa4 c6 dxc6 Nxc6 Ke1 Bd7 Bb5 a6 Bxc6 Bxc6 Qc4 Rc8 Qe2 Be7 Be3 Ne4 f3 Bb4 c3 Bb5 cxb4 Bxe2 Kxe2 Rc2 Kf1 Qd1
2021.03.19,borntocamp,1030,brocktane,875,1,1,1,Bongcloud Attack,e4 e5 Ke2 Ke7 Ke1 Nf6 Ke2 Ke8 Ke1 Nxe4 Nf3 Ke7 Ke2 Kf6 Ke3 Kf5 Ne1 Qg5 Ke2 Kf4 Kd3 Nc5 Kc3 Ke4 Kc4 d6 d3 Kf5 Nf3 Qg4 Kd5 Be6
2021.03.19,bongclouddraw,1417,bubblebuns91,1352,1,1,1,Bongcloud Attack,e4 e5 Ke2 Ke7 Ke1 Ke8 Ke2 Ke7 Ke1 Ke8 Ke2 Ke7
2021.03.19,bongclouddraw,1408,Spicyice,1414,1,1,1,Bongcloud Attack,e4 e5 Ke2 Ke7 Ke1 Ke8 Ke2 Ke7 Ke1 Ke8 Ke2 Ke7
2021.03.19,DeepMindGiant,1337,Djjbomb,1366,1,1,1,Bongcloud Attack,e4 e5 Ke2 Ke7 Ke1 Ke8 Ke2 Ke7 Ke1 Ke8 Ke2 Ke7
2021.03.19,dimio79,1473,grisha_the_winner,1401,1,1,1,Bongcloud Attack,e4 e5 Ke2 Ke7 Nc3 Nc6 Nf3 Ke8 d3 Bb4 Bd2 Nd4 Nxd4 exd4 Nd5 Bxd2 Qxd2 d6 g3 Be6 Bg2 Bxd5 exd5 Qe7 Be4 Nf6 Rae1 Nxe4 Kd1 Nxd2 Rxe7 Kxe7 Kxd2 Kd7
2021.03.19,Lex_ElPato,2179,ferplus,2215,1,1,1,Bongcloud Attack,e4 e5 Ke2 Ke7 Ke1 Kd6 Ke2 Kc5 Kd3 Kb4 Ke3 d5 Kf3 Kc5 d4 Kd6 dxe5 Kxe5 Bf4 Kf6 Kg3 Kg6 h4 h5 Kh2 Nf6 Nh3 Bc5 e5 Ng4 Kg1 Bf5 Bd3 Be4 Nc3 f5 exf6 Nxf6 Qf3 Bxd3 Qxd3 Kf7 Ng5 Kg8 Qg6 Qe8 Qxe8 Nxe8 Nxd5 c6 Nc3 Nd7 Rd1 Nef6 Rh3 Nb6 Rg3 Ng4 Nce4 Be7 Kf1 Nd5 f3 Nh2 Kg1 Nxf4 Kxh2 Ne2 Rh3 Nf4 Rd7 Bxg5 Nxg5 Nxh3 Kxh3 Rh6 f4 Rb8 f5 Rf6 Ne6 Rf7 Rxf7 Kxf7 Ng5 Kf6 g4 hxg4 Kxg4 Rd8 Nh7 Kf7 Kg5 Rh8 Nf8 Rxf8 h5 Rh8 Kf4 Rh6 Kg5 Rf6 Kf4 Rh6 Kg5 b6 Kf4 c5 Kg5 Rh7 Kf4 Kf6 Kg4 Rh6 Kf4 Rh8 Kg4 Rd8 Kf4 Re8 Kg4 b5 Kf4 a6 Kg4 Re5 Kf4 Rxf5 Kg4 Rg5 Kh4 Rf5 Kg4 Kf7 Kh4 Rf6 Kh3 Rh6 Kh4 Kf6 Kh3 g6 Kg4 gxh5 Kh4 Kg6 Kh3 Rh7 Kh4 Rf7
2021.03.19,thomasmatcham,1441,KshMalek,1436,1,1,1,Bongcloud Attack,e4 e5 Ke2 Ke7 Nf3 Kd6 Ke1 Kc5 Nc3 Kb4 Nxe5 Nc6 Nxc6 dxc6 d3 Ka5 Bd2 Bb4 a3 Bxc3 Bxc3 Ka6 d4 b5 a4 Kb7 axb5 cxb5 Bxb5 Bd7 Bc4 Rb8 Qf3 Bc6 d5 Bd7 Bd4 Nf6 Rxa7 Kc8 Ba6
2021.03.19,PolskiPonczeq,1196,Tomelden,1205,1,1,1,Bongcloud Attack,e4 e5 Ke2 Ke7 Nf3 Nf6 Nxe5 Nxe4 Ke3 Ke6 Kxe4 a6 Bc4 Ke7 Nxf7 Qe8 Nxh8 Kf6 Kf3 Kf5 Re1 Qh5 Ke3 Qxd1 Rxd1 g6 f4 Kf6 d4 Nc6 Nc3 Be7 d5 Nd8 g4 Kg7 Ne4 Kxh8 Bd2 Nf7 Bc3 Kg8 a4 Nh6 g5 Ng4 Kd4 Nxh2 Nf6 Bxf6 gxf6 Nf3 Ke4 Nh4 d6 Kf8 dxc7 d6 Kd5 Bg4 Rd4 Nf5 Bb4 Nxd4 Bxd6 Ke8 Kxd4 Rc8 Be6 Bxe6 Re1 Kf7 f5 Bxf5 b4 Bxc2 Re7 Kxf6 Re8 Rxe8 Be5 Ke6 Kc5
2021.03.19,happyidiot1,1849,markozx,1077,1,1,1,Bongcloud Attack,e4 e5 Ke2 Ke7 Kf3 Kf6 Kg4 Kg6 h3 Qg5 Kf3 Qf4 Ke2 Nf6 Nf3 Nxe4 Nc3 d5 a4 d4 Nd5 Nc6 d3 Bf5 b4 Nxf2 Ba3 Qe3 Nxe3 Bxd3 Kd2 Bxc2 Be2 dxe3 Kc3 Ne4 Kb2 Nf2 Kc1 Nxd1 Bb2 Bxa4 Bc4 Nxb4 Bd3 Nxd3 Kb1 N3f2 g4 Nxh1 Ne1 e2 Nd3 Ne3 Nc5 e1=Q Ka2 Nc2 Nd7 Qxa1 Bxa1 Nxa1 Nb8 Rxb8 h4 h6 h5 Kg5 Kb2 Kxg4 Kc1 Kxh5 Kd2 g5 Ke2 g4 Ke3 g3 Ke4 g2 Kd5 g1=Q Ke4 c5 Kf5 c4 Kf6 c3 Kf5 c2 Ke4 c1=Q Kd3 e4 Ke2 e3 Kd3 e2 Ke4 e1=Q Kf3 b5
2021.03.19,Sardarbek-Nurdinuulu,2076,ChessNewsKg,2169,1,1,1,Bongcloud Attack,e4 e5 Ke2 Ke7 Ke1 Ke8 Ke2 Ke7 Ke1 Ke8 Ke2 Ke7
2021.03.19,rowxn,915,d_ot,929,1,1,1,Bongcloud Attack,e4 e5 Ke2 Ke7 Qe1 Nf6 Kd1 Ke8 h3 Bc5 a3 Kf8 b4 Bd6 h4 Kg8 h5 h6 d3 Kh7 f4 exf4 d4 Nc6 e5 Nxd4 exd6 cxd6 Bd3 Kg8 Nc3 d5 Nf3 Nxf3 gxf3 d6 Bxf4 d4 Nb5 a6 Nxd6 Nd5 Bc4 Nxf4 Nxf7 Qf6 Nxh8 Kxh8 Qe8 Kh7 Bd3 g6 Bxg6 Nxg6 hxg6 Qxg6 Qe7 Kg8 Qd8 Kg7 Qc7 Kf6 Qd6 Kg7 Qxg6 Kxg6 Rg1 Kh7 Kd2 Be6 Rae1 Bd5 Re7 Kh8 Rh1 Bxf3 Rxh6 Kg8 Rg6 Kf8 Rh7 Be4 Rh8 Kf7 Rxa8 Bxg6 Rb8 b5 Rb7 Kf6 Rb6 Kg7 Rxa6 d3 cxd3 Be8 d4 Kf7 d5 Ke7 d6 Ke6 d7 Kxd7 Ra7 Kd8 Kd3 Bg6 Kd4 Ke8 Ke5 Bf7 Kf6 Bc4 Re7 Kd8 Re4 Bg8 Rd4 Ke8 Kg7 Bc4 Re4 Kd7 a4 bxa4 Rxc4 a3 Rd4 Kc6 Rc4 Kb5 Rc2 Kxb4 Rh2 Kb3 Rh3 Ka2 Rh2 Kb3 Rh3 Ka4 Rh4 Kb3 Rh3 Ka2 Rh2 Kb3 Rh3
2021.03.19,c2h4,1630,Scooped,1630,1,1,1,Bongcloud Attack,e4 e5 Ke2 Ke7 Ke3 Qe8 d4 Kd8 c4 f5 f4 a5 Nf3 d6 dxe5 g6 exd6 Bxd6 c5 Nf6 e5 Ng4 Ke2 Nc6 cxd6 Ncxe5 fxe5 Nxe5 Nxe5 Qxe5 Kf2 cxd6 Bg5 Kd7 Bb5 Ke6 Qb3 d5 Re1 Qxe1 Kxe1 Bd7 Bxd7 Kxd7 Qxb7 Kd6 Nc3 Rhe8 Kf2 Rab8 Nb5 Kc5 Be3 Kb4 a3 Kb3 Nd4 Kc4 Rc1 Kd3 Rc3 Ke4 Qxh7 Rxb2 Rc2 Rb3 Qh4 Kd3 Nxb3 Kxc2 Nxa5 Kd3 Qh3 d4 Bxd4 Kxd4 Nc6 Kc5 Qc3 Kd6 a4 Rc8 Qf6 Kc5 a5 Rxc6 Qc3 Kb5 Qxc6 Kxc6 Kf3 Kb5 Kf4 Kxa5 g4 Kb5 gxf5 gxf5 Kxf5 Kc6 h4 Kd7 Kf6 Ke8 Kg7 Ke7 h5 Ke6 h6 Kf5 h7 Kg5 h8=Q Kg4 Qh6 Kg3 Kf6 Kg4 Qg5 Kf3 Ke5 Ke2 Qh4 Kf3 Kd4 Ke2 Qh3 Kd2 Qh2 Kc1 Kc3 Kd1 Qa2 Ke1 Kd3 Kf1 Ke3 Kg1 Kf3 Kh1 Kg3 Kg1 Qa1
2021.03.19,cared13,1250,GiNiO,1273,1,1,1,Bongcloud Attack,e4 e5 Ke2 Ke7 Nf3 Nf6 d3 d6 Nbd2 Nbd7 c3 c6 Qb3 Qb6 Qxb6 Nxb6 d4 g6 dxe5 dxe5 Nxe5 Bg7 Ndf3 Nxe4 Ke3 Bxe5 Nxe5 Nf6 f3 Re8 Kf2 Kf8 Bf4 Nfd5 g3 Nxf4 gxf4 Be6 Bd3 Red8 Rhe1 Kg7 b3 f6 Nxg6 hxg6 Rxe6 Rxd3 Rg1 Kf7 Re4 Rxc3 Ree1 Nd5 Rg2 Nxf4
2021.03.19,brooklyn_chess,1657,DrDrunkenTal,1624,1,1,1,Bongcloud Attack,e4 e5 Ke2 Ke7 Ke1 Ke8 Ke2 Ke7 Ke1 Ke8 Ke2 Ke7
2021.03.19,ksevket,1521,fabiensh,1490,1,1,1,Bongcloud Attack,e4 e5 Ke2 Ke7 Nf3 f6 Nc3 c6 d3 a6 Be3 g5 g3 h6 h4 g4 Nd2 d6 Bg2 h5 f4 Be6 fxe5 fxe5 Bg5 Nf6 Qf1 Bg7 Kd1 Rf8 b3 Qb6 Qg1 Qxg1 Rxg1 Kd7 Kc1 Kc7 Kb2 Nbd7 Raf1 b5 a3 a5 Na2 b4 a4 Kb6 Nc4 Kc5 Be3
2021.03.19,CarlosSuricato,1496,gulfRAWW,1502,1,1,1,Bongcloud Attack,e4 e5 Ke2 Ke7 Nf3 f6 c3 c5 Qc2 Nc6 g3 d5 exd5 Qxd5 Bg2 Bg4 c4 Qd6 d3 Nd4
2021.03.19,from_russia_withlove,998,sashaaa_mks,1116,1,1,1,Bongcloud Attack,e4 e5 Ke2 Ke7 Nf3 Nc6 d3 Nf6 Bg5 d6 Bxf6 gxf6 Nc3 Ke8 g3 Nd4 Kd2 Nxf3 Qxf3 Qd7 Qf5 Qxf5 exf5 Bxf5 f4 exf4 gxf4 Bh6 Re1 Kd7 Ne2 Rae8 Bg2 c6 Nd4 Rxe1 Rxe1 Bg6 Bh3 Kc7 Re7 Kb8 Kc3 Bxf4 b4 Bxh2 a4 c5 bxc5 dxc5 Nb5 Be5 Kc4 a6 d4 axb5 Kd5
2021.03.19,roman312,1108,roboticjosh,1279,1,1,1,Bongcloud Attack,e4 e5 Ke2 Ke7 Nf3 Nc6 d3 Nf6 Nc3 Qe8 Nd5 Nxd5 exd5 Kd8 dxc6 bxc6 Bg5 f6 Bh4 e4 dxe4 Qxe4 Kd2 Qxh4 Nxh4 Bd6 Nf5 g6 Nxd6 cxd6 Qf3
2021.03.19,l3ard,777,Ajulkl,927,1,1,1,Bongcloud Attack,e4 e5 Ke2 Ke7 Nf3 d6 d4 exd4 Nxd4 d5 Nc3 dxe4 f3 exf3 gxf3 Nf6 b3 Nc6 Nf5 Bxf5 Ba3 Ke8 Qxd8 Kxd8 Rd1 Ke8 Bxf8 Rxf8 f4 Bxc2 Rd2 Bb1 Bg2 Bf5 h3 Rd8 Re1 Rxd2 Kxd2 Kd7 b4 b5 a3 Re8 Nxb5 Nb8 Rc1 c6 Nd4 g6 b5 cxb5 Nxb5 a6 Nc7 Rc8 Bc6 Kxc7 Bd5 Nc6 Bxf7 Kb6 a4 Ka5 h4 Nd4 Bc4 Nf3 Ke3 Nxh4 Kd2 Nf3 Kd1 Ne4 Bxa6 Kxa6 Rxc8 Bxc8 Ke2 Nh4 Ke3 Nf6 Kd4 h6 Ke5 Ng4 Ke4 Nf2 Ke3 Nd1 Kd2 Nb2 a5 Nc4 Kc3 Nxa5 Kd4 g5 fxg5 hxg5 Ke4 g4 Kf4 g3 Kxg3 Nf5 Kg4 Nd4 Kf4 Nb5 Ke5 Kb6 Kd5 Nc3 Kd4 Na4 Kd3 Kc5 Ke4 Kd6 Kd4 Nc6 Kc4 Nb6 Kb5 Kc7 Kc5 Be6 Kb5 Bc4 Kc5 Na4 Kxc4 Nb6 Kc3 Kd6 Kd3 Kd5 Ke3 Nd4 Kd3 Nc4 Kc3 Kc5 Kd3 Nf5 Ke4 Nfd6 Kf4 Kd5 Kg5 Ke5 Kg6 Ke6 Kg5 Ne4 Kg4 Ke5 Kf3 Ncd2 Ke3 Nf1 Ke2 Nh2 Kd3 Nf3 Kc4 Kd6 Kd3 Kd5 Ke3 Nfg5 Kf4 Ne6 Kf5 Nd4 Kg6 Ke6 Kh7 Kf6 Kh6 Ng5 Kh5 Nf5 Kg4 Ne6 Kh3 Ne3 Kh2 Kf5 Kh1 Kf4 Kg1 Kf3 Kh2 Nf4 Kg1 Kg3 Kh1 Nd1 Kg1 Ne3 Kh1 Ne2
2021.03.19,cared13,1243,ismail65,1354,1,1,1,Bongcloud Attack,e4 e5 Ke2 Ke7 Nf3 Ke8 d3 d6 Bg5 f6 Bh4 Nc6 Nbd2 Nd4 Nxd4 exd4 c3 dxc3 bxc3 Ne7 d4 Bg4 f3 Bh5 Ke3 Nc6 Qb3 b6 Bc4 Na5 Qb5 Ke7 Qxh5 Nxc4 Nxc4 g6 Qg4 Bh6 f4 Re8 Qf3 Kf7 g4 d5 Ne5 fxe5 g5 exf4 Qxf4 Kg7 gxh6 Kh8 Bxd8 Raxd8 e5 Rf8 Qg3 Rd7 e6 Re7 Qe5 Kg8 Qg7 Rxg7 hxg7 Kxg7 Rhf1 Re8 Rf7 Kg8 Rf6 Kg7 Rf7 Kg8 Raf1 Rxe6 Kd3 Re8 c4 dxc4 Kxc4 a5 Kb5 h5 Kc6 Rc8 Rxc7 Re8 Kxb6 Re6 Rc6 Re4 d5 a4 d6 Rb4 Ka5 Rd4 Kb5 a3 Rc7 Rxd6 Rfc1 Rd8 Rc8 Rxc8 Rxc8 Kf7 Ra8 Kf6 Rxa3 Kf5 Rf3 Kg4 Kc4 h4 Rd3 Kf4 Rd4 Kg5 a4 Kf5 a5 g5 a6 g4 a7 g3 hxg3 hxg3 a8=Q g2 Qxg2
2021.03.19,James-0,1429,Hercules_Pelegris,1432,1,1,1,Bongcloud Attack,e4 e5 Ke2 Ke7 c4 Ke8 Ke1 Nc6 Nf3 Nf6 d3 Bc5 Nc3 d6 Be3 Bxe3 fxe3 Qe7 g3 Be6 Nd5 Qd7 Ng5 Bg4 Be2 Bxe2 Qxe2 Nxd5 cxd5 Ne7 Rf1 f6 Ne6 Qb5 b3 Qb6 Kf2 Kf7 Qh5 g6 Qh6 Ng8 Qg7 Ke8 Qxh8 Qa5 Qxg8 Kd7 Qd8 Rxd8 Nxd8 Kxd8 Kg2 Qd2 Kh3 Qxe3 Rxf6 Ke7 Raf1 Qh6 Kg2 Qd2 Kh1 Qh6 Rf7 Ke8 Rxc7 Qd2 Rxb7 Qxd3 Rxa7 Qxe4 Kg1 Qd4 Kg2 Qxa7 Rc1 Qxa2 Kh3 Qxb3 Rc6 Qxd5 Rc8 Kd7 Rh8 Qe6 Kh4 Qf6 Kh3 Qxh8
2021.03.19,lIlIllIlllIl,1165,berkaykose6,1123,1,1,1,Bongcloud Attack,e4 e5 Ke2 Ke7 Nc3 Ke8 Ke1 Ke7 Ke2 Ke8 Ke1 Ke7 Ke2
2021.03.19,l3ard,771,Spo1ondogache,694,1,1,1,Bongcloud Attack,e4 e5 Ke2 Ke7 Ke3 d6 Nf3 c5 Nc3 Qb6 Na4 Qa5 b3 Bg4 h3 Bxf3 gxf3 c4 d4 cxb3 cxb3 Nf6 dxe5 dxe5 Ba3 Ke6 Bc4 Nd5 Bxd5 Kf6 Rc1 Bxa3 Rc8 Rxc8 Bxb7 Bc5 Nxc5 Qxc5 Ke2 Qb5 Qd3 Qxb7 Qd6 Kg5 Qxe5 Kh4 Rg1 Rc2 Ke3 Qb6 Kf4 Nd7 Qg5 Kxh3 Qg3
2021.03.19,shuggie_otis,2168,MassivePackage,2208,1,1,1,Bongcloud Attack,e4 e5 Ke2 Ke7 Nc3 Nf6 Nf3 Nc6 d4 exd4 Nxd4 d6 Nxc6 bxc6 Bg5 h6 Bxf6 Kxf6 Qd4 Ke7 Rd1 f6 Kd2 Be6 Kc1 Rb8 Bc4 Rb4 b3 Bxc4 bxc4 Qb8 f4 Qb6 e5 Qxd4 Rxd4 Kf7 exf6 gxf6 Re1 f5 g4 Bg7 Rd3 Rxc4 Ne2 Re8 Kd2
2021.03.20,galahadsass,966,zokoli,945,1,1,1,Bongcloud Attack,e4 e5 Ke2 Ke7 Ke3 Ke6 Bc4 Kf6 Qf3 Kg6 Qxf7 Kh6 Qh5 Kxh5 h4 Bc5 Ke2 Nf6 Kf3 d5 g4 Bxg4 Kg3 Nxe4 Kg2 Qf8 f3 Bxg1 Rxg1 Qxf3 Kh2 Qh3
2021.03.20,Geekazodium,688,muhammad_farhan,782,1,1,1,Bongcloud Attack,e4 e5 Ke2 Ke7 d3 Nc6 Nf3 Nf6 Nc3 d5 a3 dxe4 dxe4 Qxd1 Kxd1 Bg4 Be2 Nd4 Bd2 Nxe2 Kxe2 Kd8 h3 Bh5 Rhd1 Kd7 g4 Bg6 Nxe5 Ke6 Nxg6 hxg6 f3 Rxh3 Bg5 Bc5
2021.03.20,savaii,1300,rotovirus,1238,1,1,1,Bongcloud Attack,e4 e5 Ke2 Ke7 Nh3 Nf6 f3 d5 Kf2 Bxh3 gxh3 dxe4 fxe4 Nxe4 Ke2 Qd4 d3 Qf2
2021.03.20,Jiggie,1808,raegenius,1819,1,1,1,Bongcloud Attack,e4 e5 Ke2 Ke7 Nc3 Nf6 Nf3 Nc6 d4 exd4 Nxd4 Qe8 Nxc6 bxc6 e5 Kd8 f4 Bc5 Kf3 Ng4 Kxg4 h5 Kf3 d5 Nxd5 Bg4 Kg3 Bxd1 Bd2 h4 Kh3 Qe6 g4 Qxg4
2021.03.20,deepak291002,1747,srinithi1503,964,1,1,1,Bongcloud Attack,e4 e5 Ke2 Ke7 Ke1 Ke8 Ke2 Ke7 Ke1 Ke8 Ke2 Ke7
2021.03.20,assemini,1301,pouchol,1356,1,1,1,Bongcloud Attack,e4 e5 Ke2 Ke7 Ke1 Ke8 Nf3 Nf6 Nc3 Bc5 d4 exd4 Nxd4 d6 h3 b6 Bc4 Bb7 Nf5 d5 exd5 Bd6 Qe2 Kd7 Bb5 c6 dxc6 Nxc6 Bxc6 Bxc6 Qd3 Re8 Be3 Kc7 Rd1 Re6 Nxg7 Re5 f4 Ra5 Nf5 Rd5 Nxd5 Bxd5 Qc3 Kd7 Nxd6 Kxd6 Qa3 Ke6 f5 Ke5 Bd4 Ke4 Qd3
2021.03.20,SaturiSakaki,1132,dyk12345,1070,1,1,1,Bongcloud Attack,e4 e5 Ke2 Ke7 Nf3 Nc6 Nc3 d6 Nd5 Ke8 d4 Be6 Bg5 f6 Bh4 g5 Bg3 h5 h3 h4 Bxe5 dxe5 dxe5 fxe5 Ke1 Nb4 Qd2 a5 Nxb4 Bxb4 c3 Bc5 Qxd8 Rxd8 Nxe5 Nf6 Bc4 Bxc4 Nxc4 b5 Nxa5 Nxe4 Nc6 Rd6 Na5 Kd7 Nb3 Re8 Nxc5 Nxc5 Kf1 Ne6 Kg1 Nf4 Kh2 c5 g3 hxg3 fxg3 Ng6 h4 gxh4 gxh4 Nxh4 Kh3 Ng6 Rae1 Rxe1 Rxe1 Rd2 Rg1 Ne5 Rg2 Rxg2 Kxg2 b4 cxb4 cxb4 Kf2 Kc6 Ke2 Kc5 Kd2 Kc4 Kc2 Nc6 b3 Kc5 Kd3 Na5 Kc2 Kd4 Kb2 Kd3 a3 bxa3 Kxa3 Kc3 b4 Nb7 Ka4 Kc4 b5 Kc5 b6 Kc6 Kb4 Kxb6
2021.03.20,C0ochieman,1124,Kadireren214,1104,1,1,1,Bongcloud Attack,e4 e5 Ke2 Ke7 Kd3 Kd6 Kc4 Kc6 f4 f5 g4 g5 h4 h5 d4 d5 Kd3 Kd6 c4 c5 b4 b5 a4 a5 Ra3 Ra6 Nd2 Nd7 Nb3 Nb6 Ne2 Ne7 Ng3 Ng6 Be2 Bg7 Bf3 Bf6 Bd2 Rh6 Bc3 Bd7 Rh3 Bc6 Qe1 Qe8 Qe3 Qe6 exd5 exd4 cxb5 cxb4 gxf5 gxf4 dxe6 dxe3 e7 bxa3 e8=Q Bxe8 Ne4 Kd7 bxa6 Ne5 Ke2 Nxf3 Kxf3 Bxc3 Kxf4 Ke7 Rxe3 Bc6 Rxc3 Bxa4 Nxa5 Bc6 Rxa3 Bd5 Re3 Rf6 Nxf6 Kxf6 a7 Kg7 Re5 Bc6 Nxc6
2021.03.20,Rodhirejab,1761,fendyshukeri,1594,1,1,1,Bongcloud Attack,e4 e5 Ke2 Ke7 Ke1 Ke8 Ke2 Ke7 Ke1 Ke8 Ke2 Ke7
2021.03.20,terjun_lombong_2,1793,fendyshukeri,1592,1,1,1,Bongcloud Attack,e4 e5 Ke2 Ke7 Ke1 Ke8 Ke2 Ke7 Ke1 Ke8 Ke2 Ke7 Ke1 Ke8 Ke2 Ke7 Ke1
2021.03.20,danzetto,911,Abhinav094155,919,1,1,1,Bongcloud Attack,e4 e5 Ke2 Ke7 Nc3 Ke8 d3 Qh4 g3 Qh5 f3 d5 exd5
2021.03.20,danzetto,918,daringcake,816,1,1,1,Bongcloud Attack,e4 e5 Ke2 Ke7 Nc3 Nf6 d3 d5 f3 Be6 Bg5 h6 Bxf6 gxf6 d4 Nc6 exd5 Bxd5 dxe5 fxe5 Nxd5 Ke8 g3 Nd4 Ke3 Qxd5 Ne2 c6 Nc3 Qa5 f4 exf4 Kxd4 Qb6 Ke4 Qb4 Qd4 Qxd4 Kxd4 c5 Kc4 Rd8 Nd5 b6 Bg2 fxg3 hxg3 Bd6 Rae1 Kf8 Rhf1 Kg8 Bh3 Rf8 Ne7 Kg7
2021.03.20,I_love_chess24,1080,Green_Ninja8192,1101,1,1,1,Bongcloud Attack,e4 e5 Ke2 Ke7 Ke1 Ke8 Ke2 Ke7 Ke1 Ke8 Ke2 Ke7 Ke1
2021.03.20,TunisianProdigy,1351,bluesy125,1359,1,1,1,Bongcloud Attack,e4 e5 Ke2 Ke7 Ke1 Ke8 Ke2 Ke7 g3 Nf6 d3 Nc6 Nc3 Ke6 Be3 Bb4 Nf3 Bxc3 bxc3 b6 Rb1 Bb7 Bg2 h6 Re1 g5 h3 Rg8 Kf1 h5 Nxg5 Rxg5 Bxg5 Qe7 h4 Rg8 Qd2 Qc5 c4 Ng4 Be3 Nxe3 Qxe3 Qxe3 Rxe3 Nd4 c3 Nc2 Re2 Na3 Rb3
2021.03.20,rchen08,1313,kevlu8,1413,1,1,1,Bongcloud Attack,e4 e5 Ke2 Ke7 Ke1 Ke8 Ke2 Ke7 Ke1 Ke8 Ke2 Ke7 Ke1
2021.03.20,kevlu8,1411,rchen08,1315,1,1,1,Bongcloud Attack,e4 e5 Ke2 Ke7 Ke1 Ke6 Ke2 Ke7 Ke1 Ke6 Ke2 Ke7 Ke1 Ke6
2021.03.20,Syrup-101,914,Efex1,1029,1,1,1,Bongcloud Attack,e4 e5 Ke2 Ke7 Nf3 Nc6 d3 Nf6 Bg5 h6 Bxf6 gxf6 Qd2 Ke8 Ke3 b6 Na3 Na5 b4 Nc6 Nb5 Ba6 c4 Qe7 Nxc7 Kd8 Nxa8 Nxb4 Rb1 Qc5 d4 Qxc4 a3 Qa2 Qc1 Nc2 Kd2 Bxf1 Rxf1 Qc4 Rd1 Bxa3 Qxc2 Qxc2 Kxc2 Kc8 Kb3 Bd6 Rdc1 Kb7 dxe5 fxe5 Nxb6 axb6 Ka2 Ra8 Kb2 Ba3 Kc2 Bxc1 Kxc1 Ra2 Nxe5 Rxf2 Nxd7 Rxg2 e5 Rxh2 Rxb6 Kc7 Rf6 Rh1 Kd2 Rh2 Kd3 Rh3 Kd4 Kxd7 Kd5 Rd3 Ke4 Rh3 Rxf7 Ke6 Rf6 Ke7 Kf5 Rf3 Kg6 Rh3 Ra6 h5 Kf5 Rg3 Ra7 Kf8 Kf6 Rf3 Kg5 Rh3 Kg6 h4 e6 Re3 Ra8 Ke7 Kf5 Rxe6 Kg5 h3 Rh8 Re5 Kg4 Re3 Rh7 Kf6 Rh6 Ke5 Rh5 Ke4 Rf5 h2 Rf1 Re2 Rf4 Ke3 Rf1 Rg2 Kh3 Rg1 Kxh2 Rxf1 Kg2 Ke2 Kg3 Rf8 Kg2 Rg8 Kh3 Kf2 Kh4 Kf3 Kh3 Rh8
2021.03.20,feszessavgerinc,962,KaidosRem,930,1,1,1,Bongcloud Attack,e4 e5 Ke2 Ke7 Ke1 Ke8 Ke2 Ke7 Ke1 Ke8 Ke2 Ke7 Ke1 Ke8 Ke2 Ke7 Ke1 Ke8 Ke2 Ke7
2021.03.20,acv-05,1445,monstaber,1413,1,1,1,Bongcloud Attack,e4 e5 Ke2 Ke7 Nf3 Nf6 Nc3 d6 g3 Bg4 Bg2 Nc6 Re1 Nd4 Kf1 Bxf3 Bxf3 Nxf3 Qxf3 h5 Nd5 Nxd5 exd5 Qd7 d4 Qh3 Qg2 Qxg2 Kxg2 Kf6 dxe5 dxe5 c4 Bc5 b3 a5 Bb2 Kf5 Rxe5 Kg6 h3 Rae8 Rxe8 Rxe8 h4 f5 f4 Re2 Kf3 Rxb2 Re1 Bb4 Re8 Rxa2 Rb8 b6 Rc8 c5 Rb8 Ra3 Rxb6 Kh7 Kg2 Rxb3 d6 Rd3 Rc6 a4 Ra6 a3 Kf2 a2 Ke2 Rd2 Ke3 a1=Q Rxa1 Rxd6 Kf3 Rd4 Rc1 Ba3 Rc2 Kg6 g4 hxg4 Kg3 Kf6 Kf2 g6 Ke3 Ke6 Ra2 Bb4 Ra6 Kf7 Ra7 Kg8 Ra6 Kh7 Ra7 Kh6 Ra8 Kg7 Ra7 Kf6 Ra6 Ke7 Ra7 Kd6 Rg7 Re4 Kd3 g3 Rxg6 Ke7 Rxg3 Rxf4 h5 Rh4 Rg5 f4 Ke2 Kf6 Rg8 Rxh5 Kf3 Bd2 Rc8 Be3 Rc6 Ke7 Rc7 Kd6 Rf7 Rh3 Kg2 Rg3 Kf1 Rg1 Ke2 Ke5 Re7 Kd4 Kf3 Kxc4 Re4 Kd3 Re5 c4 Re6 c3 Rd6 Kc4 Rc6 Kb3 Rc8 c2 Ke2 c1=Q Rxc1 Bxc1 Kf3 Rf1 Kg2 Rd1 Kf2 Rd3
2021.03.20,gepetro,1955,ACpantoja,2122,1,1,1,Bongcloud Attack,e4 e5 Ke2 Ke7 Ke1 f6 Nc3 c6 d3 b5 f4 b4 Nce2 d6 Nf3 Bg4 h3 Bxf3 gxf3 f5 fxe5 dxe5 exf5 Kf7 h4 Bc5 Bh3 Nf6 Ng3 Bd6 Ne4 Be7 Bg5 c5 Nxf6 Bxf6 Qd2 Nc6 Bg4 h5 Bh3 Nd4 Kf2 Bxg5 hxg5 Qd5 Bg2 Nxf5 g6 Kxg6 f4 Qd4 Ke1 Qxb2 Rd1 Raf8 Be4 Kf6 Qg2 exf4 Bxf5 Kxf5 Qe4 Kf6 Qc6 Kf7 Qd7 Kg6 Rg1 Kh7 Rg5 Kh6 Rxc5 Qxa2 Kd2 g6 Rg1 Qf7 Qd4 f3 Rcg5 f2 Rf1 Kxg5 Qe3 Qf4 Qxf4 Rxf4 Ke2 Kg4 Rxf2 Rxf2 Kxf2 h4 Ke2 h3 Ke3 h2 Kd4 h1=Q Kc4 Qc6 Kxb4 Rb8 Ka3 Qa6
2021.03.20,Junior_Boy,2173,MasterTenTen,2233,1,1,1,Bongcloud Attack,e4 e5 Ke2 Ke7 d3 d6 Ke1 Ke8 Ke2 Ke7 Kf3 Kf6 Ke2 Ke7
2021.03.21,muhammadgunawan,1174,Eddiethenoob,1132,1,1,1,Bongcloud Attack,e4 e5 Ke2 Ke7 d3 Ke8 f3 c6 Nh3 d5 exd5 cxd5 Nc3 d4 Ne4 f5 Ng3 f4 Ne4 Bf5 c3 Bxe4 fxe4 Nf6 Nf2 Nc6 a3 Qe7 cxd4 exd4 Bxf4 Rd8 h3 Nh5 Kd2 Nxf4 Ng4 Qg5 Be2 Nxg2 Kc2 Ne3
2021.03.21,LegkiyVeter,1500,kekssss,1126,1,1,1,Bongcloud Attack,e4 e5 Ke2 Ke7 Nf3 Nf6 Nc3 Nc6 Nxe5 Nxe5 d4 d6 dxe5 dxe5
2021.03.21,HoangHuy1642006,1040,WordSmith123,1048,1,1,1,Bongcloud Attack,e4 e5 Ke2 Ke7 Ke1 Ke8 Ke2 Ke7 Ke1 Ke8 Ke2 Ke7 Ke1 Ke8 Ke2 Ke7 Ke1 Ke8 Ke2 Ke7
2021.03.21,tchimed2016,2052,Vlad_chess_2420,2326,1,1,1,Bongcloud Attack,e4 e5 Ke2 Ke7 Ke1 Ke8 Ke2 Nc6 Nc3 Ke7 Ke1 Ke8 Nf3 Nf6 Bc4 h6 d3 Bc5 Be3 Bb6 Nd5 d6 h3 Be6 a3 Bxd5 Bxd5 Nxd5 exd5 Ne7 c4 Nf5 Bxb6 axb6 Qe2 Kf8 Kf1 Kg8 Kg1 Kh7 Kh2 Re8 Rhe1 Kg8 Kg1 Qd7 Qe4 Ne7 g4 Ng6 Kh2 Rf8 Rg1 Nf4 Nh4 g6
2021.03.21,talkingfrog,1423,Sinys,1542,1,1,1,Bongcloud Attack,e4 e5 Ke2 Ke7 Ke1 Ke8 Ke2 Ke7 Ke1 Ke8 Ke2 Ke7
2021.03.21,emir2560,627,Mo05,699,1,1,1,Bongcloud Attack,e4 e5 Ke2 Ke7 b4 Nf6 Nf3 Ke8 Bb2 Nc6 Ke3 Bxb4 c3 Bc5 d4 Bd6
2021.03.21,SupremeSJ,893,Skuttokova,1003,1,1,1,Bongcloud Attack,e4 e5 Ke2 Ke7 d3 Nf6 g4 Nxg4 f3 Nh6 Bxh6 gxh6 c4 Ke8 Nc3 Nc6 Ke1 Bb4 a3 Bxc3 bxc3 Qh4 Kd2 Qf2 Kc1 d6 h3 d5 exd5 Na5 d4 exd4 cxd4 Nb3 Kb1 Bf5 Bd3 Bxd3 Qxd3 Nxa1 Kxa1 Qf1 Kb2 Qxd3 Kc1 Qxf3 Nxf3 Rg8 Re1 Kd7 c5 Rg3 Ne5 Ke7 d6 Ke6 dxc7 Rc8 Nxf7 Kxf7 Rf1 Ke7 Kc2 Rxc7 Rd1 b6 a4 bxc5 dxc5 Rxc5 Kd2 Rxh3 Re1 Kd6 Ke2 Rc2 Kd1 Rhh2 a5 Ra2 Kc1 Ra1
2021.03.21,FelipeAurelio28,1425,Humelek,1388,1,1,1,Bongcloud Attack,e4 e5 Ke2 Ke7 Nc3 Qe8 Ke1 Kd8 Nf3 Nc6 Bb5 d6 d4 a6 Bxc6 Qxc6 dxe5 Qc4 exd6 Bxd6 Ng5 Nh6 Qd5 Qb4 Nxf7 Nxf7 Qxf7 Bd7 Bg5 Be7 Bxe7 Qxe7 Qxe7 Kxe7 Nd5 Ke6 Nxc7 Ke5 Nxa8 Rxa8 Rd1 Bb5 f3 Kf4 Kf2 g5 Rd5 Bc4 Rf5
2021.03.21,Antino1221,970,Dryster,986,1,1,1,Bongcloud Attack,e4 e5 Ke2 Ke7 d3 Nf6 f3 d6 Ke3 c5 d4 cxd4 Qxd4 exd4 Kxd4 Nc6 Ke3 Qb6 Kd3 Qd4 Ke2 b6 Be3 Ba6 Kf2 Qxb2
2021.03.21,nulladekpeti,776,Snouwell,785,1,1,1,Bongcloud Attack,e4 e5 Ke2 Ke7 Nf3 d6 d4 Nf6 dxe5 dxe5 Nxe5 g6 Bf4 Bg7 f3 Re8 Qe1 Kf8 Qb4 Kg8 Qb3 Be6 Qa4 c6 Kf2 Qb6 Kg3 Nbd7 Nxd7 Bxd7 Qb3 Nh5 Kh4 Bf6 Bg5 Bxg5 Kxg5 Re5 Kh4 Qd8
2021.03.21,mhdshn,1533,Zogzi,1649,1,1,1,Bongcloud Attack,e4 e5 Ke2 Ke7 Kf3 Kd6 Nc3 Nf6 Bc4 Nc6 g3 g6 Kg2 Bg7 Nf3 Ke7 Ng5 Rf8 d4 h6 dxe5 hxg5 exf6 Bxf6 Nd5 Ke8 Re1 Ne7 Nxf6
2021.03.21,Yeyuss,1169,nameIsAlreadyTaken77,1147,1,1,1,Bongcloud Attack,e4 e5 Ke2 Ke7 Nf3 Nf6 Nc3 Nc6 g3 d6 Bg2 Bg4 Re1 Kd7 d4 Nxd4 Kf1 Bxf3 Bxf3 Nxf3 Qxf3 Be7 Be3 h5 h4 Ng4 Qf5 Ke8 Rad1 g6 Qf3 Nh2
2021.03.21,CiversRuomo,1235,AnonymKing,1298,1,1,1,Bongcloud Attack,e4 e5 Ke2 Ke7 Nf3 Nc6 Nc3 Nf6 g3 d6 Bg2 Ke8 Kf1 d5 exd5 Nxd5 Nxd5 Qxd5 d3 Qa5 Nxe5 Nxe5 Qe2 Bc5 Bf4 Bd6 Bxe5 Bxe5 f4 f6 fxe5 Qxe5 Qxe5 fxe5 Be4 Be6 h4 Rf8 Kg2 Rf7 Rhf1 g6 Rxf7 Kxf7 Rf1 Kg7 Bxb7 Rb8 Bc6 Rxb2 a4 Rxc2 Kf3 Rxc6 Re1 Kf6 d4 exd4 Rf1 Rd6 Ke4 Kg7 Ke5 Bh3 Rh1 Bg2 Rg1 Bc6 Rb1 Bxa4 Rd1 d3 Ke4 Bxd1 Ke5 Bh5 Ke4 d2 Ke3 d1=Q Kf2 Qf3 Ke1 Qe3 Kf1 Rd1 Kg2 Qg1 Kh3 Qh1
2021.03.21,Ben_Kanobii,886,rumpl,936,1,1,1,Bongcloud Attack,e4 e5 Ke2 Ke7 Ke1 Ke8 Nc3 Nf6 d4 exd4 Qxd4 Nc6 Qa4 a6 Qc4 Bb4 Bd2 Qe7 Nf3 b5 Qd3 h6 Be2 Bb7 Nd5 Nxd5 exd5 Ne5 Nxe5 Qxe5 Bxb4 Bxd5 c3 g5 Kd2 Rb8 Rhe1 Rb6 Bf3 Be4 Bxe4 Rd6 Bb7 Kf8 Rxe5
2021.03.21,Fraan42,958,Aymancavani,955,1,1,1,Bongcloud Attack,e4 e5 Ke2 Ke7 Ke1 Ke8 Ke2 Ke7 Ke1 Ke8 Ke2 Ke7 Ke1 Ke8 Ke2 Ke7 Ke1 Ke8 Ke2 Ke7
2021.03.22,somxton,1216,Zeeera,1209,1,1,1,Bongcloud Attack,e4 e5 Ke2 Ke7 Nc3 Nc6 Kf3 Nf6 Bc4 a6 h3 b5 Nxb5 axb5 Bxb5 Nd4 Kg3 Nxb5 Kh2 Nxe4 Nf3 Nxf2 Qe2 Nxh1 Qxe5
2021.03.22,Zeeera,1203,somxton,1222,1,1,1,Bongcloud Attack,e4 e5 Ke2 Ke7 Nf3 Kf6 d4 g6 dxe5 Kg7 Nc3 Ne7 g4 Kg8 Bh3 Bh6 Bxh6 b6 Bg5 Nbc6 Nd5 Nd4 Nxd4 c5 Nxe7 Qxe7 Bxe7 cxd4 Qxd4 Kg7 Bf6 Kf8 Bxh8 Kg8 e6 Kf8 exf7 Kxf7 Qg7 Ke6 g5 Kd6 Qxh7 Kc7 Qxg6 Bb7 Be5 Kd8 Rad1 Bc6 Rd6 Kc7 Rxc6 Kb7 Rc7 Ka6 Rxd7 Kb5 Bd4 Kc4 Bxb6 Kb5 Bxa7 Rxa7 Rxa7 Kc5 Rc7 Kb5 Qc6 Kb4 Rb7 Ka5 Qb6 Ka4 Qa6
2021.03.22,QaisaraSkpS,1486,Sultan_Zh,1340,1,1,1,Bongcloud Attack,e4 e5 Ke2 Ke7 Kd3 Kd6 Kc4 Kc6 d3 d6 c3 Be6 Kb4 d5 Ka4 Qd7 b4 Kb6 Ka3 Qb5 d4 Qc6 Qa4 Qxa4 Kxa4 exd4 cxd4 dxe4 Be3 Nc6 d5 Nd4 Bxd4 c5 bxc5 Kc7 dxe6 fxe6 Be5 Kc6 Bb5 Kxc5
2021.03.22,QaisaraSkpS,1422,johnloydperdon,1094,1,1,1,Bongcloud Attack,e4 e5 Ke2 Ke7 Kd3 f6 Kc4 Kf7 Kd5 c6 Kc4 d5 Kb3 Ne7 Nc3 d4 Na4 Be6 Ka3 Qd6 b4 Nc8 f3 Qxb4
2021.03.22,qisgambit,1068,Diyalektik88,1043,1,1,1,Bongcloud Attack,e4 e5 Ke2 Ke7 Kf3 f6 Nc3 d6 Kg3 Qd7 Bb5 Qe6 d3 f5 Bg5 Nf6 Bc4 f4 Kh4 Qd7 g3 h6 Bxf6 Kxf6 Nd5 Kg6 gxf4 Qd8 Kg3 c6 f5 Kh7 Qh5 cxd5 Qg6 Kg8 Bxd5
2021.03.22,defnesen,933,CBM2013,929,1,1,1,Bongcloud Attack,e4 e5 Ke2 Ke7 Kd3 Kd6 Kc4 Kc6 Kd3 Kc5 Ke2 Kd4 d3 Kc5 Ke3 d5 d4 Kd6 Kd3 c5 Kc3 b5 Kb3 a5 Kc3 f5 Kd3 g5 Ke3 h5 Ke2 Kc7 h4 Kd6 Rh3 Ke7 Rf3 Bh6 Rxf5 Bg7 Rf8 Bxf8 Qd3 Kd6 Qxb5 Kc7 Qxb8 Kxb8 Ke3 Kb7 Bd2 Kb6 Bxa5 Kxa5 Nc3 Kb4 Na4 Kxa4 a3 Ka5 b4 Ka4 bxc5 Qb6 c6 Qxc6 exd5 Qe8 d6 Qc6 Nf3 Qxd6 Nxe5 Qxe5 Kd2 Qe8 Kc3 Ka5 Kc4 Kb6 d5 Rxa3 Rxa3 Kc7 Ra7 Bb7 Rxb7 Kxb7 Kd4 Kb6 hxg5 Ka5 g6 Nf6 Kc3 Nxd5 Kc4 Nc7 c3 Na8 Bd3 Rh6 Bf5 Rxg6 Bxg6 Ba3 Bxe8 Kb6 Ba4 Ka5 Bd7 Kb6 Bh3 Kc6 Bc8 Kc7 Ba6 Kb6 Bb5 Ka5 Be8 Kb6 Bxh5 Kc7 Bd1 Kd6 Ba4 Ke5 Bb3 Nb6 Kd3 Nc4 Kxc4 Bf8 Ba4 Ke4 Be8 Ke5 Bf7 Ba3 Bg8 Bd6 Bd5 Bb8 Bf3 Bd6 Bh5 Kf5 Be8 Kg5 Ba4 Ba3 Bc2 Bc1 Bf5 Bf4 Bh3 Bh2 Bc8 Bb8 Ba6 Bh2 Bb5 Bb8 Ba4 Bh2 Bd1 Bg1 Bb3 Bxf2 Ba4 Ba7 Bd7 Bf2 Bh3 Ba7 Bg4 Bf2 Kd3 Ba7 Ke2 Bg1 Kf1 Ba7 Ke2 Bg1 c4 Ba7 Bc8 Kf6 Ba6 Ke7 Bb5 Kd6 Be8 Kc5 Bh5 Kxc4 Bf3 Kc3 Ba8 Bb8 Bd5 Bf4 Bg8 Bb8 Bh7 Bg3 Be4 Bb8 Bf3 Bh2 Bh5 Bb8 Be8 Bd6 Bd7 Ba3 Bc6 Bf8 Bd5 Kd4 Bg8 Bg7 Bh7 Bh6 Bg6 Be3 Bd3 Bh6 Bh7 Be3 Bb1 Bc1 Kf3 Bh6 Kg4 Bc1 Kf5 Bh6 Ke6 Bc1 Kf7 Bh6 Kf6 Bc1 Kf5 Bh6 Be4 Bf8 Bd5 Bb4 Bc6 Kc5 Bb7 Kb6 Ke6 Kxb7 g4 Bf8 g5 Ba3 g6 Bf8 Kf7 Bd6 Ke6 Ba3 g7 Bf8 g8=R Kc6 Rxf8 Kc7 Rf5 Kc6 Ra5 Kb6 Ra6 Kxa6
2021.03.22,FarelJ_072054,1145,skulldavn,906,1,1,1,Bongcloud Attack,e4 e5 Ke2 Ke7 Nf3 Ke8 g3 Ke7 Bh3 Ke8 Kf1 Ke7 Kg2 Ke8 Qe2 Ke7 Qc4 Ke8 d4 Ke7 dxe5 Ke8 Rd1 Ke7 e6 Ke8 exf7 Ke7 Ne5
2021.03.22,Preamsakthi,1724,Rishigayle,1896,1,1,1,Bongcloud Attack,e4 e5 Ke2 Ke7 Ke1 Ke8 Ke2 Ke7 Ke1 Ke8 Ke2 Ke7 Ke1 Ke8 Ke2 Ke7 Ke1
2021.03.22,svxft,1118,bongcloudhotbox,1232,1,1,1,Bongcloud Attack,e4 e5 Ke2 Ke7 Ke1 Ke8 Nf3 Nc6 Nc3 Bb4 a3 Bxc3 dxc3 Nf6 Bd3 d5 Qe2 d4 cxd4 Nxd4 Nxd4 exd4 c3 dxc3 bxc3 Bg4 f3 Bh5 g4 Bg6 g5 Nh5 Bc4 Qd6 e5 Qc6 e6 fxe6 Bxe6 Qxc3 Kd1 Bc2 Qxc2 Qxf3 Qe2 Rd8 Kc2 Qxe2 Kc3 Qd3
2021.03.22,maciek2008,888,eventhesungoesdown,812,1,1,1,Bongcloud Attack,e4 e5 Ke2 Ke7 Ke3 Ke6 Nf3 Bc5 Nd4 Bxd4 Kf3 Qf6 Kg3 Qxf2 Kh3 Ke7 g3 d6 g4
2021.03.22,bongcloudhotbox,1259,justhavingfun69,1278,1,1,1,Bongcloud Attack,e4 e5 Ke2 Ke7 Nf3 Nc6 d4 Nxd4 Nxd4 exd4 Qxd4 f6 e5 Kf7 Kd1 Qe7 Bc4 d5 Qxd5 Be6 Qxe6 Qxe6 Bxe6 Kxe6 exf6 Rd8 Ke2 Nxf6 Re1 Be7 Kf3 Kf7 Bf4 Rhe8 Bxc7 Rd7 Be5 Bd6 Bxd6 Rxe1 Bc5 b6 Bb4 Red1 a4 Nd5 c3 Nxb4 cxb4 Kf6 a5 bxa5 b5 R7d5 Rxa5 Rxb1 Ra6 Kg5 g3 Rxb5 h4 Kh5 Rxa7 R1xb2 g4 Kxh4 Rxg7 R5b3 Kf4 Rb4 Kf3 R2b3 Kg2 Rxg4 Rxg4 Kxg4 Kf1 Rf3 Kg2 h5 Kh2 h4 Kh1 Rxf2 Kg1 Kg3 Kh1 Ra2 Kg1 Ra1
2021.03.22,stefiluca,613,jamie629,1153,1,1,1,Bongcloud Attack,e4 e5 Ke2 Ke7 Nf3 Nc6 d4 exd4 Nxd4 Nxd4 Qxd4 Nf6 Bg5 Ke8 Ke1 Be7 Bxf6 Bxf6 Nc3 Bxd4
2021.03.22,Rick191177,1174,Odablam,1170,1,1,1,Bongcloud Attack,e4 e5 Ke2 Ke7 Nf3 Nc6 Ke3 Nf6 Bb5 a6 Bxc6 bxc6 Nxe5 d5 Nxc6 Kd6 Nxd8 dxe4 Nc3 Nd5 Nxd5 Kxd5 Nxf7 Bc5 Kf4 Rf8 Kg3 Rxf7 Qh5 Rf5 Qxh7 Bd6 Kg4 Re5 Kg3 Rh5 f4 Rxh7 Kf2 Bxf4 g3 Bxg3 Kxg3 Be6 d3 Rf8 c4 Kd4 Bf4 exd3 Rhe1 Bxc4 Be5 Kd5 Bxc7 d2 Red1 Rfh8 Rxd2 Kc6 Rd6 Kb7 Rb6 Kc8 Rb8 Kd7 Rxh8 Rxh8 Be5 Rg8 Rd1 Ke6 Bxg7 Rxg7 Kf2 Rf7 Ke3 Rh7 Kd4 Bb5 Kc5 Rh5 Kb6 Rd5 Re1 Kd6 b3 Bd7 a4 a5 Kb7 Re5 Rd1 Ke6 Kc7 Be8 Kd8 Bxa4 Kc7 Rd5 Rxd5 Kxd5 h4 Ke6 h5 Kf6
2021.03.22,QTJW,1141,Benstopher,1123,1,1,1,Bongcloud Attack,e4 e5 Ke2 Ke7 Nf3 Nc6 d4 exd4 Nxd4 Nxd4 Qxd4 c6 Qc5 d6 Qg5 Nf6 e5 dxe5 Qxe5 Be6 Be3 Ng4 Bc5 Ke8 Qg3 Bxc5
2021.03.22,pirscher,1940,sharingan54,678,1,1,1,Bongcloud Attack,e4 e5 Ke2 Ke7 f3 Nc6 Kf2 d6 Bc4 Na5 Bb3 Nxb3 axb3 d5 Ra5 Nf6 exd5 Nxd5 c4 b6 Rxd5 Qe8 Rxe5 Be6 d4 f6 Rxe6 Kxe6 d5 Kd7 f4 Bc5 Kf1 Qe4 b4 Qxc4 Ne2 Rae8 bxc5 Rxe2 c6 Kd6 Qxe2 Qxc1 Qe1 Qxf4 Qf2 g5 Qxf4 gxf4 Nc3 a6 Kf2 Re8 Re1 Rxe1 Kxe1 Kc5 Ne4 Kxd5 Nxf6 Kxc6 Nxh7 b5 Nf6 b4 h4 Kd6 h5 Ke7 h6 Kf8 h7 Kg7 Kf2 c5 Kf3 c4 Ke2 a5 Kd2 a4 Kc2 b3 Kc3 a3 bxa3 b2 Kxb2 f3 a4 f2 Nh5 Kxh7 Ng3 Kg6 Kc3 Kg5 Ne4 Kf4 Nxf2 Kg3 Ne4 Kxg2 Kxc4 Kf3 Nd6 Kf4 a5 Ke5 a6 Kxd6 a7 Kc7 a8=Q Kb6 Qd5 Ka6 Kb4 Kb6 Qd6 Kb7 Kb5 Kc8 Qe6 Kb8 Kb6 Ka8 Qg8
2021.03.22,snophi,1202,Rantnhnaketon,1319,1,1,1,Bongcloud Attack,e4 e5 Ke2 Ke7 Ke1 Ke8 Ke2 Ke7 Ke1 Kd6 Ke2 Kc5 Kf3 Kd4 Kg4 Kxe4 Kh5 Kd4 Kg4 Kc5 Kf5 Kc6 Kxe5 Kc5 Ke4 Kd6 Ke3 Ke7 Ke2 Ke8 Ke1 Ke7 Ke2 Ke8 Ke1 Ke7 Ke2
2021.03.22,Rantnhnaketon,1317,anglemelik,1365,1,1,1,Bongcloud Attack,e4 e5 Ke2 Ke7 Ke3 Kd6 Kf3 Kc5 Kg4 Kd4 Kg3 Kxe4 Kg4 Kd4 Kf5 Kc5 Kxe5 Kc6 Ke4 Kd6 Ke3 Ke7 Ke2 Ke8 Ke1 d5 d4 Be7 Nf3 Nf6 g3 Bg4 Bg2 Nc6 Ke2 Qd7 Re1 Bh3 Kf1 h5 Kg1 Ne4 Bh1 Bg4 Qd3 Qf5 Nh4 Qxf2
2021.03.22,heffah,1393,ploopy07,1380,1,1,1,Bongcloud Attack,e4 e5 Ke2 Ke7 Ke3 Ke6 Nf3 Nc6 Bc4 Kd6 Nc3 g6 Nb5 Ke7 b3 a6 Ba3 d6 Nc3 Be6 d4 Bxc4 bxc4 f5 Nd5 Kd7 dxe5 dxe5 Nb6 Ke8 Nxa8 Qxa8 Bxf8 Kxf8 Qd7 Nf6 Qxc7 f4 Kd3 Nb4 Kc3 a5 Qd6 Kg7 Qe7 Kh6 Qxf6 Qa7 Nxe5 Qxf2 Nf7 Kh5 Qg5
2021.03.23,marvaleouseek,1084,marianoorozco007,1115,1,1,1,Bongcloud Attack,e4 e5 Ke2 Ke7 Ke1 Ke8 Bc4 Nf6 d3 Bc5 Nd2 a6 c3 b5 Bd5 c6 Bb3 d5 Ngf3 dxe4 dxe4 Ng4 Qe2 Bxf2 Qxf2 Nxf2 Kxf2 Bg4 Nxe5 Qf6 Ndf3 Bxf3 gxf3 Qxe5 Re1 Qxh2 Ke3 Qh6 f4 Nd7 Kd3 Rd8 Kc2 Qh2 Kb1 Nc5 e5 Nd3 e6 Nxe1
2021.03.23,israelnuevayork,915,SkyFromMinecraft,887,1,1,1,Bongcloud Attack,e4 e5 Ke2 Ke7 Ke1 Ke8 Ke2 Ke7 Ke1 Ke8 Ke2 Ke7 Ke1 Ke8 Ke2
2021.03.23,SkyFromMinecraft,888,israelnuevayork,914,1,1,1,Bongcloud Attack,e4 e5 Ke2 Ke7 Ke1 Ke8 Ke2 Ke7 Ke1 Ke8 Ke2 Ke7 Ke1 Ke8 Ke2 Ke7 Ke1 Kd6 Ke2 Kc5 Kd3 Kb4 Ke3 Kc5 Kd3 Kb4 Ke3 Kc5 Kf3 Kb4 Kg4 Kc5 Kf5 Kd6 Kg4 Ke6 Kh5 Kf6 Kg4 Kg6 Kf3 Kg5 Ke3 Kf6 Kd3 Ke6 Kc4 Ke7 Kd5 Kf6 Kc4 Kg5 Kd5 Kf4 Kc4 Kg5 Kd3 Kf6 Kc4 Ke7 Kd3 Ke8 Ke2
2021.03.23,Hatkekhel,1174,mobra7,1162,1,1,1,Bongcloud Attack,e4 e5 Ke2 Ke7 d3 Nf6 h3 Nc6 Qe1 d5 f3 dxe4 fxe4 Nd4 Kd1 Ke8 Be3 Bc5 b4 Bb6 Bxd4 Bxd4 c3 Bb6 Kc2 Bd7 Qg3 Nh5 Qxe5 Qe7 Qxh5 Ba4 Kd2 c5 Qe2 cxb4 Qe1 bxc3 Nxc3 Ba5 Qc1 Rc8 Ne2 Qe5 d4 Qe6 Qb2
2021.03.23,sudarrshan0220,1524,NWOeliteoccult,1582,1,1,1,Bongcloud Attack,e4 e5 Ke2 Ke7 Nf3 Nf6 d3 d6 Nc3 Be6 Ng5 Qd7 f4 Nc6 g3 Re8 Bg2 exf4 Bxf4 Kd8 Qg1 d5 Kf2 dxe4 Ngxe4 Nxe4 Bxe4 f6 Kf1 g5 Be3 f5 Bxc6 Qxc6 Bxa7 b6 Qd4 Bd6 Qf6 Be7 Qd4 Bd7 Kf2 Bc5 Nb5 Bxd4 Nxd4 Qb7 Rae1 Qxa7 Rxe8 Rxe8 Re1 b5 Re5 Qxd4 Re3 Qxe3 Kg2 Qe2 Kh3 Qg4 Kg2 Bc6 Kg1 Re1 Kf2 Qe2
2021.03.23,Muhammad_Akmal,1195,Levy-Dovy_Rozman,1320,1,1,1,Bongcloud Attack,e4 e5 Ke2 Ke7 Ke1 Ke6 Qg4 Ke7 Qd1 f6 Ke2 d6 Ke1 Ke6 Ke2 Ke7 Ke1 Ke8 Ke2 Ke7 Ke1
2021.03.23,bruno12303,1130,lowver,1702,1,1,1,Bongcloud Attack,e4 e5 Ke2 Ke7 Ke1 Nc6 Nc3 Ke8 d4 exd4 Nd5 Nf6 Nxf6 Qxf6 Nf3 Bb4 Bd2 Qe7 a3 Qxe4 Be2 Be7 c3 d3 Ng5 Bxg5 Bxg5 Qxg2 Rf1 Qxg5 Bxd3 Kd8 Qf3 Ne5 Qd5 Nxd3 Qxd3 Re8 Kd1 d6 Re1 Be6 Kc2 Bf5 Rxe8 Kxe8 Qxf5 Qxf5 Kb3 Qxf2 Ka2 Kf8 h4 Re8 h5 Re2 Rb1 Qc5 Rc1 Qc4 Ka1 Qb3 h6 Qxb2
2021.03.23,Silmans_Lehrling,1792,Amran4ik,1783,1,1,1,Bongcloud Attack,e4 e5 Ke2 Ke7 Nf3 Nc6 d3
2021.03.23,TheBlockOfSky,1499,marko_the_human,1619,1,1,1,Bongcloud Attack,e4 e5 Ke2 Ke7 Ke1 Ke8 Ke2 Ke7 Ke1 Ke6 d3 f6 Qg4 Kf7 Be2 d5 Nd2 Bxg4
2021.03.23,cevdetk,1461,liamd266,1473,1,1,1,Bongcloud Attack,e4 e5 Ke2 Ke7 d3 d6 Bg5 Nf6 Nc3 h6 Bh4 Ke8 Nd5 Be7 Nf3 Bg4 h3 Bxf3 gxf3 Nh5 Bxe7 Nf4 Ke3 Qd7 h4 Nxd5 exd5 Qxe7 Bh3 Qxh4 Qg1 Qf4 Ke2 Rg8 Qg4 Qxg4 Bxg4 g6 Kd2 Kf8 Rag1 Kg7 Bh3 c6 dxc6 Nxc6 Bd7 Nd4 Ke3 Nxc2 Ke4 Nb4 a3 Nc6 Kd5 Rad8 Bxc6 bxc6 Kxc6 Rc8 Kxd6 Rc2 Kxe5 Rxf2 Rf1 Rxb2 Rc1 Rb3 d4 Rxf3 a4 Ra3 Rc4 Rd8 Rhc1 Rd3 Re1 h5 Re4 Rh3 Rh4 Rxh4 Rc7 Rhxd4 a5 h4 Rxf7 Kxf7 a6 Ra4
2021.03.24,cgnsvncn,1363,lalocomotora92,1274,1,1,1,Bongcloud Attack,e4 e5 Ke2 Ke7 Ke1 Ke8 Ke2 Ke7 Ke1 Ke8 Ke2 Ke7
2021.03.24,john5000,1810,enigmacode,1802,1,1,1,Bongcloud Attack,e4 e5 Ke2 Ke7 d3 Ke8 Ke1 Ke7 Be2 Ke8 Nf3 d6 Nc3 h6 Bd2 Be7 h3 Nf6 Nh2 Be6 Rf1 Nc6 f4 exf4 Bxf4 Qd7 Qd2 a6 d4 b5 d5 Bxd5 exd5 Ne5 Bxe5 dxe5 Bf3 Rd8 Ne4 Nxd5 Rd1 c6 b3 Qe6 c3 Qf5 Qe2 Qh7 Kf2 Nf4 Qe3 f5 Nc5 Rf8 Rxd8 Bxd8 Qxe5 Be7 Qxf4 Bxc5 Ke2 Kf7 Qc7 Kg8 Qxc6 Re8 Kd1 Ba3
2021.03.24,DerpyPugx,1916,Kaan_the_Great,1943,1,1,1,Bongcloud Attack,e4 e5 Ke2 Ke7 Ke1 Ke8 Nf3 Nc6 Bc4 h6 Nc3 Nf6 d4 exd4 Nxd4 Ne5 Bb3 d6 f3 Be7 Be3 Kf8 Kf2 g6 h4 Kg7 Nd5 c6 Nxe7 Qxe7 Qd2 Bd7 c3 a5 Rad1 Nxe4 fxe4 Ng4 Kg1 Qxe4 Bf2 Nxf2 Qxf2 d5 Bc2 Qg4 Kh2 Rae8 Rhe1 Rxe1 Rxe1 Re8 Rxe8 Bxe8 Nf3 Bd7 Ne5 Be6 Nxg4
2021.03.24,MTR2020,1321,ferhatbill,1320,1,1,1,Bongcloud Attack,e4 e5 Ke2 Ke7 Ke1 Ke8 Ke2 Ke7 Ke1 Ke8 Ke2 Ke7 Ke1
2021.03.24,play_chill,1149,Wintark,1160,1,1,1,Bongcloud Attack,e4 e5 Ke2 Ke7 Qe1 Nf6 Nc3 Ke8 Nf3 Nc6 d3 Bb4 Kd1 d5 exd5 Bxc3 bxc3 Qxd5 c4 Qc5 a4 Nd4 Ba3 Qb6 Nxe5 Be6 c5 Qa6 g3 Qxa4 Qd2 Bd5 Rg1 Ke7 c6 Ke6 cxb7 Bxb7 Nc4 Nf3 Qe2 Kd7 Bh3 Kd8 Qe7
2021.03.24,etabeta52,1562,MexicanMF,1713,1,1,1,Bongcloud Attack,e4 e5 Ke2 Ke7 Nf3 Nc6 Nc3 Ke8 d3 Nd4 Nxd4 exd4 Nd5 c6 Nf4 Nf6 c3 d5 cxd4 Bg4 f3 Bd7 e5 Ng8 Bd2 b5 b3 a5 a4 b4 Kf2 Be7 g3 Bg5 h4 Bxf4 Bxf4 Ne7 Bh3 Bxh3 Rxh3 g6 Bg5 Kf8 Bxe7 Qxe7 f4 Kg7 Qg4 h5 Qg5 Qxg5 hxg5 Rac8 Rc1 Rhd8 Rc5 Rd7 Rxa5 Rb7 Rc5 Rbc7 Rh1 Rb8 Rhc1 Rbc8 a5 Ra7 Rxc6 Rxc6 Rxc6 Rxa5 Rb6 Ra2 Kf3 Rd2 Ke3 Rg2 Kf3 Rd2 Rxb4 Rxd3 Kf2 Kf8 Rb8 Kg7 Rb5 Rxd4 b4 Rd3 Rb7 d4 e6 Re3 e7 f6 e8=Q Re7 Rxe7
2021.03.24,ksevket,1515,Aras_Neuce_Kzlck,1490,1,1,1,Bongcloud Attack,e4 e5 Ke2 Ke7 f3 Nc6 d3 Nf6 Bg5 d6 Nc3 h6 Bh4 Be6 Nd5 Kd7 Nxf6 gxf6 c4 Nd4 Ke3 c6 Ne2 c5 Nxd4 cxd4 Ke2 Rc8 b3 Kc7 g4 Kb8 Bg3 h5 h3 hxg4 fxg4 Bh6 Ke1 Qa5 Kf2 Be3 Kg2 a6 Bf2 b5 Bxe3 dxe3 Qf3 Qd2 Kg3 d5 Qe2 Qc3 Bg2 bxc4 Qxe3 cxd3 Rac1 Qb2 Qb6 Ka8 Qxa6 Kb8 Rxc8 Rxc8 Qb6 Ka8 Qa6 Kb8 Qb6 Ka8 Qa6 Kb8
2021.03.24,DagiMaLagi,1001,Naspy,996,1,1,1,Bongcloud Attack,e4 e5 Ke2 Ke7 Ke1 Ke8 Ke2 Ke7 Ke1 Ke8 Ke2 Ke7 Ke1 Ke8
2021.03.24,Naspy,996,DagiMaLagi,1001,1,1,1,Bongcloud Attack,e4 e5 Ke2 Ke7 Ke1 Ke8 Ke2 Ke7 Ke1 Ke8 Ke2 Ke7 Ke1 Ke8
2021.03.24,NKoreaFanboy,684,WhyWhyWhyWhymaybe,631,1,1,1,Bongcloud Attack,e4 e5 Ke2 Ke7 f3 f6
2021.03.24,schumi1817,1613,mrstanglmeier,1057,1,1,1,Bongcloud Attack,e4 e5 Ke2 Ke7 Nf3 Nc6 Nc3 Nf6 d3 h6 Bd2 Nd4 Nxd4 exd4 Nb1 c5 c3 d5 exd5 Qxd5 f3 Bf5 Kf2 g5 Be2 Bg7 Rf1 Nh5 g4 Bxg4 fxg4 Nf4 Bxf4 gxf4 Bf3 Qg5 Qe1 Be5 Kg1 h5 Kh1 hxg4 Rg1 Rh3 Rxg4 Qh5 Qe2 f6 Rg7 Qf7 Rxf7 Kxf7 Qg2 Rah8 Bg4 Rxd3 Qd5 Kg6 Qe4 f5 Qxd3 Rh4 Qxf5 Kh6 Qe6 Kg5 Qxe5 Kxg4 cxd4 f3 Nd2 f2 Rf1 Kh3 Qg3
2021.03.24,mrstanglmeier,1056,schumi1817,1614,1,1,1,Bongcloud Attack,e4 e5 Ke2 Ke7 Nf3 d6 d3 Nf6 Bg5 g6 Bxf6 Kxf6 g4 Kg7 h3 Kg8 c3 Kg7 h4 Rg8 g5 Kh8 Bh3 Bd7 Bxd7 Nxd7 c4 Bg7 Nc3 Re8 Nd5 c6 Nf6 Nxf6 gxf6 Qxf6 Ng5 Bh6 Rg1 Bxg5 hxg5 Qf4 Qb3 Reb8 c5 Kg8 cxd6 b5 Rac1 Rb6 d7 Rd8 Rxc6 Rxc6 Qd5 Rc2 Kf1 Qxf2
2021.03.24,schumi1817,1614,mrstanglmeier,1055,1,1,1,Bongcloud Attack,e4 e5 Ke2 Ke7 Nf3 Nf6 Nc3 Ke8 g3 Bc5 Bg2 c6 h3 d5 exd5 cxd5 Re1 Qe7 Kf1 Ne4 Nxd5 Nxg3 fxg3 Qd6 Rxe5 Be6 c4 Nc6 Qa4 f6 Re1 Kf7 d3 Bxd5 cxd5 Qxd5 Qe4 Qxe4 Rxe4 Rae8 Nd2 Be3 Ke2 Re6 Kxe3 g5 g4 Rhe8 b3 Nb4 Rxe6 Rxe6 Kf3 Nxd3 Ne4 Ne5 Ke3 Kg6 Bb2 Nc6 a3 f5 gxf5 Kxf5 Rf1 Kg6 Rf6 Rxf6 Nxf6 Ne5 Bxe5 Kf5 Bb2 b5 Be4 Ke6 Bxh7 a6 Ne4 Kd5 Nxg5 a5 h4 b4 a4 Kc5 h5 Kd5 Bg6 Kd6 h6 Ke7 h7 Kf8 h8=B Kg8 Bhe5
2021.03.24,Vento_Aureo,1264,cbbezerk,1200,1,1,1,Bongcloud Attack,e4 e5 Ke2 Ke7 Ke3 Ke6 Be2 Bc5 Kf3 Qf6 Kg3 h5 Bxh5 Rxh5 Qg4 Ke7 Qxh5 Bxf2 Kh3 d5 g4 dxe4 Ne2 Nh6 Kg2 Qf3 Kf1 Qxh1 Kxf2 Qf3 Ke1 Nxg4 Qg5 f6 Qxg7 Ke6 Qg8 Kf5 Qxc8 Kg5 Qg8 Kf5 Ng3 Kf4 Ne2 Kf5 Ng3 Kf4 d3
2021.03.24,JoseGilberto,730,Mi_x,712,1,1,1,Bongcloud Attack,e4 e5 Ke2 Ke7 Ke1 Ke8 Qh5 Nc6 Qh3 Nf6 Qb3 d6 Ne2 a6 Nf4 exf4 Qf3 g5 h4 Ne5 Qe3 fxe3 fxe3 Nxe4 b4 gxh4 Bc4 Ng3 Bd5 Nxh1 Bb2 Qg5 Bd4 c6 Be4 Bg7 Bb6 f5 Bxc6 bxc6 Nc3 Qxg2 e4 Nf3 Kd1 Qxd2
2021.03.25,MrKooshaJ,2428,Ali_rastbod,2572,1,1,1,Bongcloud Attack,e4 e5 Ke2 Ke7 Ke1 Ke8 Ke2 Ke7 Ke1 Ke8 Ke2 Ke7
2021.03.25,Spagat-Sack,723,overcastzombie,639,1,1,1,Bongcloud Attack,e4 e5 Ke2 Ke7 Kd3 Kd6 Kc4 Kc6 Qf3 Na6 Qf4 Qf6 Qg5 Qf3 a4 Nc5 Nc3 b5 Kb4 Kd6 a5 a6 Ra4 f5 Nd5 f4 Bd3 Qxd3 Qh6 Nf6 Qg6 bxa4 Ne2 a3 Ng3 a2 Rg1 a1=Q h3 Qb1 b3 Qxc1 Rf1 Qd1 c3 Qe1
2021.03.25,Hiarley12d,853,raaghavan,770,1,1,1,Bongcloud Attack,e4 e5 Ke2 Ke7 d3 Nf6 Ke3 Ke6 g3 Ke7 Bh3 Nc6 b3 d6 c3 Bxh3 Nxh3 d5 exd5 Nxd5 Kd2 Ke8 Ba3 Bxa3 Nxa3 Qe7 c4 Qb4 Ke2 Nc3 Kd2 Nxd1 Kxd1 Qxa3 Re1 Qb2 Rc1 Qd4 Ng5 Qxd3
2021.03.25,Shinchan99,793,Vox44,912,1,1,1,Bongcloud Attack,e4 e5 Ke2 Ke7 Ke3 Ke6 Kf3 Kd6 Kg4 Kc5 Kh5 Kb4
2021.03.25,Super_Nova_Cat,1658,Gryzbu1,1636,1,1,1,Bongcloud Attack,e4 e5 Ke2 Ke7 d4 Ke8 Ke1 Ke7 dxe5 Ke8 Nf3 Ke7 Bg5 Ke8 Bxd8 d6 Bxc7 b6 exd6 a6 Ne5 Bg4 Qxg4 Ra7 Qc8
2021.03.25,Hitman_13,1792,LooserNoob,1411,1,1,1,Bongcloud Attack,e4 e5 Ke2 Ke7 Ke3 d6 Nc3 Qd7 Nd5 Kd8 Qh5 Qe8 Bc4 g6 Qf3 Bg7 d3 Be6 Ne2 Nc6 Kd2 Nge7 Nec3 Nd4 Qd1 c6 Ne3 Kc7 Bxe6 fxe6 Na4 d5 c3 Nb5 Nc5 dxe4 Nxe6 Kb8 Nxg7 Qf7 Qb3 Qxg7 Ke2 exd3 Kxd3 Rd8 Ke2 Rd6 Nc4 Rf6 Nxe5 Nd5 Nf3 Qe7 Kd3 Rd6 Kc2 Nb6 Rd1 Rxd1 Kxd1 Kc7 Qc2 Rd8 Bd2 Nc4 Nd4 Nxd2 Kxd2 Nxd4 cxd4 Rxd4
2021.03.25,jsjeshrgw,1500,Prbr,1720,1,1,1,Bongcloud Attack,e4 e5 Ke2 Ke7 Ke1 Ke8 Nf3 Nc6 Nc3 Nf6 d3 d6 Bg5 Bg4 Be2 Be7 Bxf6 Bxf6 Nd5 Ne7 Nxf6 gxf6 Qd2 Ng6 h3 Bxf3 Bxf3 h5 Ke2 Qd7 a4 Ke7 a5 b6 axb6 axb6 b4 Rxa1 Rxa1 Nf4 Kf1 Rg8 g3 Qxh3 Ke1 Ng2 Bxg2 Qxg2 Ke2 Rxg3 Ra7 Qf3 Ke1 Rg1
2021.03.25,destroyerK0,1178,alpasrinc,1096,1,1,1,Bongcloud Attack,e4 e5 Ke2 Ke7 Ke1 Ke8 Ke2 Ke7 Ke1 Ke8 Ke2 Ke7 Ke1 Ke8 Ke2 Ke7 Ke1 Ke8 Ke2 Ke7
2021.03.25,CarefulImpala,1227,FireScourge,1234,1,1,1,Bongcloud Attack,e4 e5 Ke2 Ke7 Ke1 Ke8 Be2 Bc5 d4 exd4 e5 Nc6 c4 Nxe5 f4 Nc6 g3 Nf6 g4 b6 g5 Ne4 f5 Bb7 f6 g6 Nf3 d3 Ne5 Nf2 Nxc6 Bxc6 Bf4 Nxd1 Bc1 dxe2 Bf4 Nxb2 Kxe2 Nxc4 Kd3 b5 Ke2 Kf8 h4 d5 Bxc7 Qxc7 Kd3 d4 Nd2 Bxh1 Ke2 Re8 Ne4 Rxe4 Kd1 Qg3
2021.03.25,carlofeller,1437,UpTheHee,1440,1,1,1,Bongcloud Attack,e4 e5 Ke2 Ke7 Nf3 Nc6 d4 exd4 Nxd4 Nf6 Nxc6 dxc6 Bg5 Bg4 f3 Qxd1 Kxd1 Rd8 Bd3 Be6 e5 h6 exf6 gxf6 Bf4 Rd7 Nc3 Bg7 Ne4 f5 Nc5 Rd5 Nxb7 Rb8 c4 Rxd3 Kc2 Rd4 Nc5 Rxc4 Kd3 Rxc5 Bxc7 Rxb2 Rae1 Rc3
2021.03.25,Turan2010rrr,792,ilkinkarimov,1620,1,1,1,Bongcloud Attack,e4 e5 Ke2 Ke7 Ke1 Ke8 Ke2 Ke7 Ke1 Ke8 Ke2 Ke7
2021.03.25,AlexanderRook,1023,haktann,1044,1,1,1,Bongcloud Attack,e4 e5 Ke2 Ke7 Nf3 Nc6 d4 Nf6 dxe5 Nxe4 Bg5 f6 Be3 d6 exf6 Nxf6 Qd3 Bg4 h3 Bxf3 Kxf3 Ne5
2021.03.25,aposos,1533,PuffPuffEnPassant,1550,1,1,1,Bongcloud Attack,e4 e5 Ke2 Ke7 f3 Nf6 c3 d5 d4 exd4 cxd4 Nxe4 fxe4 Bg4 Nf3 dxe4 Bg5 f6 Kf2 fxg5 Nxg5 Bxd1
2021.03.25,hilfigertout,1417,tame5,1414,1,1,1,Bongcloud Attack,e4 e5 Ke2 Ke7 Qe1 Qe8 Kd1 Kd8 Nc3 Nc6 Nf3 Nf6 d3 d6 Nd5 Nxd5 exd5 Nd4 Nxd4 exd4 Qxe8 Kxe8 c3 dxc3 bxc3 Bg4 Be2 Bd7 Re1 Kd8 c4 c6 h3 b5 dxc6 Bxc6 cxb5 Bxb5 d4 Bxe2 Rxe2 g6 Bb2 Bg7 Rb1 Rb8 Kc1 Re8 Rc2 Rb4 d5 Bxb2 Rbxb2 Rxb2 Kxb2 Re5 Rd2 Kc7 Kc3 Kb6 Kd4 f6 f4 Re1 Rb2 Kc7 a4 Ra1 a5 Ra4 Ke3 Rxa5 Rc2 Kb6 Rc6 Kb5 Rxd6 Ra1 Rxf6 Re1 Kf2 Rd1 d6 Kc6 d7 Kxd7 Rf7 Ke6 Rxh7 Rd4 Kf3 Kf5 g4 Kf6 Rxa7 g5 fxg5 Kxg5 Ra5 Kh4 Kg2 Rd2 Kf3 Rd3 Kf4 Rxh3 Rh5
2021.03.25,HealingFerret,793,PlusMusician,781,1,1,1,Bongcloud Attack,e4 e5 Ke2 Ke7 Kd3 Kd6 Kc4 Ke6 Kd3 Kd6 b4 Kc6 b5 Kxb5 Nc3 Kc5 Rb1 Qe7 Ke3 Kd6 Kd3 Kc5 Nb5 Kc6 Rb4 Kc5 Ke3 Kxb4 Kd3 Kxb5 Kc3 Kc5 Kd3 Kd6 f4 exf4 Kd4 Ke6 Kc4 Kd6 Kd4 f3 Kd3 fxg2 Kd4 gxh1=Q Kc4 Qxg1 Bg2 Qxg2 Qg1 Qxg1 Ba3 Ke6 Kd3 Qxh2 Kc4 Qxd2 c3 Qxa2 Kb5 Qaxa3 Kc4 Qa4 Kd3 Qab4 cxb4 g5 Kd4 g4 b5 g3 e5 Kf5 e6 Qxe6 b6 cxb6 Kd3 g2 Kd4 g1=Q Kc3 Qge3 Kb2 Qd2 Ka1 Qd1
2021.03.25,BlissfulSpider,905,IntrepidLeopard,959,1,1,1,Bongcloud Attack,e4 e5 Ke2 Ke7 Kd3 Ke6 Kc4 d5 Kb5 dxe4 Kc4 e3 d4 exd4 Kb5 Ke5 Ka5 Qd7 c4 c5 fxe3 Qc7 Ka4 Qb6 Ka3 Qa6 Kb3 Qa5 Kc2 Qa4 Kd2 Qxc4 Ke1 Qc3 Kf2 Qxb2 Qd2 Qxd2 Kf3 Qxc1 a4 Qxf1 Kg3 Qf6 exd4 Kxd4 a5 Qe5 Kh4 Qf4 Kh5
2021.03.25,AppetentGerbil,1122,AmatoryPanda,1030,1,1,1,Bongcloud Attack,e4 e5 Ke2 Ke7 Kd3 Ke6 Kc4 Bd6 Bd3 Qh4 Nf3 Qf4 Nh4 Qxe4 Bxe4 c5 d3 b5 Kxb5 a6 Kb6 Ne7 Nc3 h5 Qxh5 g6 Qxh8 Nf5 Qxc8 g5 Qxd7 Kxd7 Bxg5 Nxh4 Bd8 Kxd8 Nb5 axb5 h3 b4 Rhe1 Be7 Re3 Bg5 Rg3 Nf5 Kb5 Nxg3 Kc4 Ne2 Kb3 Nd4 Kc4 Nbc6 Kxc5 Na5 Kxb4 Rb8 Kxa5 Ra8 Kb4 Rb8 Kc3 Rc8 Kb4 Nc6 Kc3
2021.03.25,D-dead,1270,Bicio97,1268,1,1,1,Bongcloud Attack,e4 e5 Ke2 Ke7 Ke1 g6 Ke2 Bg7 Ke1 Nf6
2021.03.25,cevdetk,1496,grrrrrrr_r,1448,1,1,1,Bongcloud Attack,e4 e5 Ke2 Ke7 Nf3 Nc6 d3 d6 Bg5 f6 Be3 Be6 Nc3 Nh6 Nd5 Bxd5 exd5 Nb4 c4 b5 a3 Na6 cxb5 Nc5 Bxc5 dxc5 Qb3 Nf5 Rc1 e4 dxe4 Nd6 Rxc5 Nxe4 d6 cxd6 Rd5 g6 Qe3 f5 Ng5 Kf6 Nxe4 fxe4 Qf4 Kg7 Qxe4 Qb6 Qd4 Qxd4 Rxd4 Re8 Kf3 Be7 Bd3 Rhf8 Kg3 Rf6 f3 Rd8 Re1 Bf8 Bc4 d5 Rxd5 Rxd5 Bxd5 Bd6 Kh3 g5 a4 h5 g4 hxg4 Kxg4 Bxh2 Re7 Kg6 Re8 Rf4 Kh3 Rh4 Kg2 Bd6 Rg8 Kh7 Rd8 Rh2 Kf1 Bg3 Rd7 Kg6 Rxa7 Rxb2 Ra6 Kf5 Be4 Kf4 Rf6 Ke3 Rg6 Bf2 Rxg5 Rb4 Rc5 Rxa4 Rc3 Kd2 Rb3 Ra1 Kg2 Ke2 Rb2 Ke1 Rxf2 Ra3 Rf1 Kd2 Rf2 Kc3 Bf5 Kb4 Bg4 Kxb5 f4 Re3 Rf3 Re7 Kg3 Rf7 f5 Kc6 Kf4 Kd6 Re3 Kd5 Rd3
2021.03.25,tasty_borgar,1466,Leito-MT,1527,1,1,1,Bongcloud Attack,e4 e5 Ke2 Ke7 Ke1 Ke8 Nf3 Nc6 Bc4 Bc5 c3 d6 d4 exd4 cxd4 Bb6 d5 Ne5 Nc3 Nxc4 b3 Ne5 Nxe5 dxe5 Nb5 Bd7 Nc3
2021.03.25,tasty_borgar,1456,OnlySorrow,1562,1,1,1,Bongcloud Attack,e4 e5 Ke2 Ke7 Ke1 Ke8 g3 Nc6 Ne2 Bc5 c3 d6 d4 Bb6 d5 Nce7 f4 c6 fxe5 dxe5 d6 Ng6 Na3 Bc5 Nc4 b5 b4 Bxb4 cxb4 bxc4 Nc3 Nf6 Bxc4 Bb7 b5 c5 Bg5 h6 Bxf6 gxf6 Rf1 Qa5 Rc1 Bxe4 Rxf6 Kd7 Rxf7 Kd8 Qg4 Bf5 Qxf5 Ne7 Rxe7
2021.03.25,leethompson,1168,ilkin_mirbesirov,1109,1,1,1,Bongcloud Attack,e4 e5 Ke2 Ke7 Kf3
2021.03.26,Jaime_Lerio,1512,Ilian_Navarro,1852,1,1,1,Bongcloud Attack,e4 e5 Ke2 Ke7 Ke1 Ke8 Ke2 Ke7 Ke1 Ke8 Ke2 Ke7
2021.03.26,Xuansz,1377,BongcloudCrabwalker,1371,1,1,1,Bongcloud Attack,e4 e5 Ke2 Ke7 Nf3 f6 Nc3 Kf7 d3 c6 Be3 d6 Kd2 Qa5 Be2 Nd7 Qc1 d5 Bd1 d4 Ke2 Nc5 Rb1 Bg4 b4 Qa3 Qxa3 Ne6 Kd2 g6 Nxd4 Bxd1 Kxd1 Nxd4 Qc1 Ne7 Ra1 h5 f3 g5 Bxd4 exd4 Ne2 g4 Nxd4 Bh6 Qb2 gxf3 Nxf3 Be3 Re1 Bb6 Qb3 Kg6 Ke2 Rae8 Qe6 Rh7 Ne5 Kh6 Qxf6 Ng6 Qxg6
2021.03.26,MarcusAlden,1500,Davidaldrin10,1500,1,1,1,Bongcloud Attack,e4 e5 Ke2 Ke7 Ke1 Ke8 c4 Nf6 Nc3 Bc5 d3 Nc6 Na4 d6 Nf3 a6 b3 b5 Bg5 Nxe4 dxe4 f6 Bh4 g5 Nxg5 fxg5 Bxg5 Qxg5 Nc3 Bd4
2021.03.26,bongcloudonlylol,1500,EdricMalajacan,1482,1,1,1,Bongcloud Attack,e4 e5 Ke2 Ke7 Nf3 Nc6 d3 f6 Nc3 d6 b3 Be6 Bb2 Qe8 Nd5 Bxd5 exd5 Nd4 Nxd4 exd4 Bxd4 c5 Bb2 Rc8 c4 a6 Kd2 b5 Qf3 Qf7 Qe2 Kd7 g3 g5 Bh3 Kc7 Be6 Qe7 Bxc8 Kxc8 Qxe7 Bxe7 Rhe1 Nh6 Rxe7 Ng4 Re6 bxc4 dxc4 Nxf2 Rae1 a5 Bxf6 Rf8 Bxg5 Rf3 Re8 Kd7 R1e7
2021.03.26,Davidaldrin10,2121,bongcloudonlylol,1807,1,1,1,Bongcloud Attack,e4 e5 Ke2 Ke7 Ke1 Ke8 Nf3 Nc6 Bc4 Bc5 Nc3 Nf6 Ng5 Rf8 d3 h6 Nxf7 Rxf7 Bxf7 Kxf7 Nd5 Nxd5 exd5 Ne7 Qf3 Kg8 Qg3 Nxd5 Bxh6 Qe7 c4 Nf6 f4 exf4 Kd2 fxg3 hxg3 gxh6 Rxh6 Qe3 Kc3 Qxh6 Re1 d6 Re6 Qf8 Re3 Bd7 Rf3 Re8 b4 Be3 d4 Bg5 d5 c6 dxc6 bxc6 Kd4 a6 c5 dxc5 bxc5 Re4 Kd3 Qxc5 g4 Qb5 Kc3 Rc4 Kd3 Qd5 Ke2 Re4 Kf2 Bf4 g3 Qd2 Kg1 Re1 Rf1 Be3 Kh1 Rxf1
2021.03.26,VD_Moladiya,1335,grimblecrumble,1321,1,1,1,Bongcloud Attack,e4 e5 Ke2 Ke7 Ke1 Ke8 Nf3 Nc6 Bc4 Bc5 d3 h6 Bb3 a5 a4 Nd4 Ba2 Nxf3 Qxf3 Qf6 Qxf6 Nxf6 h3 d6 Nc3 Be6 Bxe6 fxe6 b3 Kf7 Bb2 Bd4 f3 c6 Kd2 Rab8 Rab1 b5 Ne2 Bxb2 Rxb2 b4 Ng3 g6 Rc1 c5 c3 Rhc8 cxb4 Rxb4 Nf1 Nh5 Ne3 Nf4 Nc4 Rxc4 bxc4 Nxg2 Rg1 Nf4 Rb7 Kf6 Ra7 Rb8 Kc2 Nxh3 Rh1 Nf4 Rxh6 Ne2 Rhh7 Nd4 Kc3 Rb3 Kd2 Rb2 Ke3 Re2
2021.03.26,inikelvin,1709,Novaldy21,1606,1,1,1,Bongcloud Attack,e4 e5 Ke2 Ke7 Ke1 Ke8 Ke2 Ke7 Ke1 Ke8 Ke2 Ke7
2021.03.26,Ojasdriller7,1259,bongcloudhotbox,1291,1,1,1,Bongcloud Attack,e4 e5 Ke2 Ke7 Ke1 Ke8 Ke2 Ke7 Ke1 Nf6 Nc3 Nc6 d3 Ke8 Ke2 Nd4 Ke1 Bb4 Bd2 d6 Nf3 Bg4 h3 Nxf3 gxf3 Bh5 Bg2 c6 a3 Ba5 Qe2 Qb6 Qe3 Qxb2 Rb1 Qxa3 Qg5 Bxc3 Qxg7 Rg8 Qxf6 Bxd2 Kxd2 Qa5 c3 Qa2 Kc1 Qxf2 Bf1 Qe3 Kc2 Bxf3 Rh2 Rg6 Qh8 Ke7 Qxa8 Rg1 Rxb7 Kf6 Qh8 Kg5 Qg8 Kf4 Qxf7 Kg3 Rb1 Kxh2 h4 Qf2 Kb3 Rxf1 Rxf1 Qxf1 h5 Qb1 Kc4 Be2 Qf2 Kh3 Qxe2 Qb5
2021.03.26,Narandir,1006,LukaErich,925,1,1,1,Bongcloud Attack,e4 e5 Ke2 Ke7 Nf3 f6 Nc3 Nc6 d4 Nxd4 Nxd4 exd4 Qxd4 d6 Nd5 Ke8 Ke1 Ne7 Nxe7 Qxe7 Bb5 Bd7 Bxd7 Qxd7 f4 Qc6 c4 f5 exf5 Qxg2 Rf1 Qxh2 b4 Be7 Qe4 Kd8 Ba3 Bh4 Kd1 Re8 Qd4 Re1 Rxe1 Bxe1 c5 Qh3 cxd6 Bc3 dxc7 Kxc7 Qc5 Kb8 Qf8 Kc7 Qxa8 Qd3 Kc1 Qd2 Kb1 Qd1 Bc1 Bxa1 Qe8 Bf6 Qf7 Kb6 Qe6 Kc7 Qf7 Kc6 Qe6 Kb5
2021.03.26,OyunHakimi,1108,GREASYBALLS,1115,1,1,1,Bongcloud Attack,e4 e5 Ke2 Ke7 Ke3 Ke6 Kf3 Kf6 Kg3 Kg5 Kh3 Kf4 g3 Kg5 f4 Kh6 f5 Kg5 g4 Kf4 Ne2 Kf3 Bg2 Kf2 Rf1
2021.03.26,A_Chan_CGKLL,1773,dizzyknight97,1753,1,1,1,Bongcloud Attack,e4 e5 Ke2 Ke7 Ke1 f6 Bc4 d6 d3 Be6 Ne2 Bxc4 dxc4 Qd7 Nbc3 Qe6 Nd5 Kd8 Qd3 c6 Ndc3 Na6 f4 Nb4 Qe3 Nxc2
2021.03.26,Chessgirl_88,742,Jackmatefce,1505,1,1,1,Bongcloud Attack,e4 e5 Ke2 Ke7 Ke1 Ke8 Ke2 Nf6 Nf3 Nc6 d3 d5 exd5 Nxd5 Bg5 Be7 Bxe7 Qxe7 Nbd2 Bg4 h3 Bxf3 Nxf3 Nf4 Ke1 Nd4 c3 Nxf3 Qxf3 c6 Rd1 f6 d4 exd4 Be2 Nd5 cxd4 Kf7 g4 Rhe8 Rd3 Nf4 Qxf4 Qxe2
2021.03.26,Nova17,1707,Stepicaa,1615,1,1,1,Bongcloud Attack,e4 e5 Ke2 Ke7 f3 d6 Kf2 Nf6 Be2 g6 Nh3 Bg7 Rf1 Re8 Kg1 Kf8 Nc3 Nc6 Bb5 Bxh3 gxh3 a6 Ba4 b5 Bb3 Nd4 d3 Nxb3 axb3 Nh5 Kh1 Qd7 Nd5 c6 Nb6 Qxh3 Nxa8 Rxa8 Rg1 Bf6 Qe2 Bh4 Qf1 Qe6 Bd2 Kg7 Rg4 Be7 Qg2 Rf8 Rxa6 f5 exf5 Rxf5 Rxc6 Qd5 Rc7 Kf7 Re4 Nf6 Bg5 Nxe4 Rxe7 Kg8 fxe4 Rf1 Qxf1 Qc6
2021.03.26,GrandAssterPete,1399,omny,1352,1,1,1,Bongcloud Attack,e4 e5 Ke2 Ke7 Ke1 Ke8 Nf3 Nc6 Bb5 d6 Nc3 Bg4 h3 Bh5 b3 Nf6 d3 Be7 g4 Bg6 d4 Kf8 dxe5 Nxe5 Nxe5 dxe5 Qxd8 Rxd8 Bg5 h6 Bxf6 Bxf6 Ne2 h5 gxh5 Rxh5 Bd3 Ke7 f4 exf4 Nxf4 Bxa1 Nxh5 Bxh5 Kf2 Be5 c4 b6 Rd1 f6 a4 Kf7 Ke3 Bxd1
2021.03.26,IJJJJJJI,1075,laux736,1082,1,1,1,Bongcloud Attack,e4 e5 Ke2 Ke7 Ke1 Ke8 Ke2 Ke7 Ke1 Ke8 Ke2 Ke7
2021.03.26,LightnoBlaze,777,Teembo,1171,1,1,1,Bongcloud Attack,e4 e5 Ke2 Ke7 Qe1 Ke8 d3 Ke7 d4 Ke8 d5 d6 g3 c6 g4 cxd5 exd5 Bxg4 Kd3 Bf5 Kc3 Qa5 Kc4 Qxe1 Kb5 Qxf1 Kb4 Qe1 Kb5 a6 Ka4 Qxc1 f3 Bxc2 Kb4 Qxb2 Kc4 Qxa1 Kb4 Qxb1 Kc4 Qf1 Kb4 Qd3 Ka5 Nc6 Kb6 Qb5 Kc7 Rc8 Kxc8 Nge7 Kc7 Nxd5 Kc8 Nce7 Kb8 Qc6 Ka7 Qb6 Kb8 Nc6 Ka8 Qa7
2021.03.27,LuminoI,1105,martyTHICKS,1047,1,1,1,Bongcloud Attack,e4 e5 Ke2 Ke7 Ke1 Ke8 Nf3 Nc6 Bc4 d6 d4 exd4 Nxd4 Nxd4 Qxd4 Nf6 f3 Be6 Bb3 Bxb3 axb3 c5 Qa4 Qd7 Qc4 d5 Qa4 Qxa4 bxa4 dxe4 fxe4 Nxe4 Nc3 Nxc3 bxc3 Bd6 Kf2 Be5 Re1 f6 Bf4 Ke7 Bxe5 fxe5 Rxe5 Kf6 Rxc5 Rhf8 Kg1 b6 Rc6 Ke5 Re1 Kd5 Rce6 Rac8 R6e5 Kc4 Re7 Kxc3 Rxg7 Kxc2 Rxh7 a5 Rb7 Rb8 Re2 Kd3 Ree7 Kc4 Rxb8 Rxb8 Re4 Kb3 h4 b5 Re1 bxa4 Rb1 Kc2 Rxb8 a3 Rb5 a2 Rxa5 Kb2 Rxa2 Kxa2 h5 Kb3 h6 Kc4 h7 Kd5 h8=Q Ke6
2021.03.27,Whysotrash,1137,hughmall,1286,1,1,1,Bongcloud Attack,e4 e5 Ke2 Ke7 Kf3 Kf6 Kg4 Nh6 Kh5 g6 Kh4 Ke6 Kg3 Qg5 Kh3 Qg4 Qxg4 Nxg4 Kh4 Nf6 Kg5 Be7 h4 Nxe4 Kh6 Nxf2 g4 Nxh1 g5 Nf2 h5 Ne4 c3 Nxg5 c4 Ne4 c5 Bxc5 b3 Bxg1 b4 a6 Kg7 gxh5 Kh6 Bd4 Kg7 Bxa1 Kh6 Nxd2
2021.03.27,Whysotrash,955,jonahhill420,971,1,1,1,Bongcloud Attack,e4 e5 Ke2 Ke7 Kf3 Kf6 Kg4 Kg6 Qf3 Qg5 Kh3 Kh6 Qh5 Qxh5 Kg3 Kg5 c3 Qg4
2021.03.27,Sreerookie,1071,DancingCrickets,1033,1,1,1,Bongcloud Attack,e4 e5 Ke2 Ke7 d3 d6 f3 d5 a3 d4 Nh3 Nc6 Bg5 f6 Bh4 Bxh3 gxh3 g5 Bg3 Bh6 h4 Na5 hxg5 Bxg5 Rg1 Be3 Rg2 Nh6 Bh4 c5 Qe1 Rg8 Rxg8 Qxg8 Qg3 Bg5 Bxg5 fxg5 Qxe5
2021.03.27,sillyduckyluck,1471,intj_17,1466,1,1,1,Bongcloud Attack,e4 e5 Ke2 Ke7 d3 Ke6 Ke3 Kd6 Kf3 Kc6 Kg4 Kc5 Kf5 Kd4 h4 f6 g4 d5
2021.03.27,h0ey,876,GreenDDT,847,1,1,1,Bongcloud Attack,e4 e5 Ke2 Ke7 d4 exd4 e5 Nc6 Nf3 g6 Bg5 f6 exf6 Nxf6 Nxd4 Bg7 c3 Qg8 Nd2 b6 f3 Ba6 c4 Nxd4 Kd3 c5 Ne4 Qxc4 Kd2 Qb4 Nc3 Qxb2 Ke3 Qxc3 Bd3 Qxd3 Qxd3 Bxd3 Kxd3 h6 Rhe1 Kf7 Bxf6 Bxf6 Re4 Rhe8 Rae1 Rxe4 Rxe4 Re8 Rf4 Re2 g4 Rxa2 h4 Nxf3 Rxf3 Ra3 Ke4 Rxf3 Kxf3 Bxh4 Kf4 Kf6 Ke3 h5 Kd3 hxg4 Kc4 g3 Kb5 g2 Ka6 g1=Q Kxa7 c4 Kb7
2021.03.27,ToiletBro2,1386,sekilena,1323,1,1,1,Bongcloud Attack,e4 e5 Ke2 Ke7 Nf3 Nc6 d4 exd4 Nxd4 Nxd4 Qxd4 d6 Nc3 Be6 f4 c5 Qa4 f5 exf5 Bxf5 Nd5 Ke6 Qb3 Kd7 Kf2 Nf6 Bb5 Kc8 Re1 Nxd5 Qxd5 Bxc2 Re8
2021.03.27,ksevket,1441,mLivv,1473,1,1,1,Bongcloud Attack,e4 e5 Ke2 Ke7 d3 Nf6 Bg5 h6 Bxf6 Kxf6 Nc3 Nc6 Nd5 Kg6 Nf3 Kh7 Qd2 Bb4 c3 Be7 Nxe7 Qxe7 g3 Re8 h4 Kg8 h5 d6 Bh3 Bxh3 Rxh3 a6 g4 b5 Rg3 a5 g5 b4 gxh6 g6 hxg6 fxg6 Rxg6 Kf8 Rag1 Qh7 Qg5 Ne7 Rf6
2021.03.27,kingpossessed,887,shpunn,1045,1,1,1,Bongcloud Attack,e4 e5 Ke2 Ke7 Ke3 Ke6 Kf3 Kd6 Kg4 Kc5 Kf5 Kd6 g4 Qf6
2021.03.27,kingpossessed,848,jugheadd,996,1,1,1,Bongcloud Attack,e4 e5 Ke2 Ke7 Ke3 Ke6 f4 f5 exf5 Kxf5 g4 Ke6 Ke4 Ke7 f5 Ke8 Kxe5 Nf6 g5 Bd6 Kd4 Nh5 Qxh5 g6 Qh6 gxf5 Qg7 Rf8 Kd5 Rf7 Qg6 c6 Kd4 b5 Qxd6 Qxg5 Kc5 Na6 Kd4 c5 Ke5 f4 Ke4 Re7 Qe5 Rxe5 Kf3 Nb4 Nh3 Qh5 Kg2 Nxc2 Be2 Nxa1 Bxh5 Rxh5 Nxf4 Rf5 Kg3 d6 Nc3 b4 Nb5 Rb8 Nxd6 Kf8 Ne4 Nc2 Nc3 bxc3 Ne6 Ke7 Nc7 Rb7 Nd5 Rxd5 Kf4 Rd4 Ke5 cxb2 Bxb2 Ne3 h4 Rxd2 h5 Nc2 h6 Re2 Kd5 Rb5 Kc4 a6 a4 Be6 Kc3 Rb3
2021.03.27,Sreerookie,1055,Kepler32,1081,1,1,1,Bongcloud Attack,e4 e5 Ke2 Ke7 d3 Nf6 f3 d6 Bg5 Nc6 Qe1 h6 Bh4 g5 Bg3 Ke8 Nc3 g4 fxg4 Bxg4 Nf3 Rg8 h3 Nd4 Kd2 Bxf3 Qe3 Rxg3 Rg1 Nh5 gxf3 Nxf3 Ke2 Nxg1 Kf2 Rxe3 Kxg1 Qg5 Bg2 Rxh3 Nd5 Qxg2 Kxg2 Rg3 Kh2 Kd7 Nf6 Nxf6 Kxg3 Be7 Rf1 Rg8 Kh2 Ng4 Kh3 f6 a4 Ke6 b4 d5 exd5 Kxd5 c4 Kc6 b5 Kc5 a5 a6 bxa6 bxa6 Rf5 c6 d4 Kxc4 Rh5 exd4 Rh4 Nf2 Kh2 f5 Rxh6 Kb5 Rh5 Kxa5 Rxf5 c5 Rxf2 c4 Rc2 Kb5 Rb2 Kc5 Rb7 Bd6 Kh3 Rh8 Kg4 Rg8 Kf3 c3 Ra7 Kc4 Rxa6 Bc5 Ke2 Re8 Kd1 d3 Ra4 Kb3 Ra1 c2 Kd2 Kc4 Rc1 Re2
2021.03.27,kingpossessed,809,gavinisawesome,865,1,1,1,Bongcloud Attack,e4 e5 Ke2 Ke7 Ke3 Ke6 d4 exd4 Kxd4 Nf6 e5 Ng4 f4 Nf2 Qd2 Nxh1 Nf3 d6 exd6 cxd6 Ne5 dxe5 Ke4 Qxd2 f5 Kf6 Kf3 Qxc1 g4 Qxf1 Ke4 Nc6 g5 Kxg5 Kd5 Qxf5 Kc4 Qxc2 Kd5 Qxb2 Ke4 Qxa1 Kf3 Qxb1 Kg2 Qxa2 Kxh1 Bc5 h3 Bxh3
2021.03.27,sinsta666,1512,george24,1515,1,1,1,Bongcloud Attack,e4 e5 Ke2 Ke7 Nf3 f6 c3 d6 Na3 Nc6 Nc4 Be6 g3 Bxc4 Ke3 Qd7 Bxc4 Kd8 d4 Nge7 Bb5 a6 Ba4 b5 Bb3 a5 Bd5 Nc8 dxe5 fxe5 Ne1 Nb6 Bxc6 Qxc6 b3 Qxc3 Nd3 Qxa1 Kf3 Be7 Kg2 Rf8 Qh5 Qxa2 Qxh7 a4 bxa4 Rxa4 Qxg7 Rxe4 Bg5 Qf7 Bxe7 Kxe7 Qg5 Qf6 h4 Qxg5 hxg5 Rg8 Rh7 Kd8 Nb4 Rxb4 Kh3 Rxg5 f3 Rb3 Kh4 Rg8
2021.03.27,FlorianWendelborn,1271,bhushanananan,1306,1,1,1,Bongcloud Attack,e4 e5 Ke2 Ke7 Ke1 Ke8 Ke2 Nc6 Nc3 d6 Nf3 Bg4 Ke1 f6 h3 Bh5 g4 Bf7 Bb5 a6 Bxc6 bxc6 d3 Ne7 Be3 Ng6 Qd2 Be7 Ke2 c5 Rhg1 Kf8 g5 fxg5 Bxg5 Bxg5 Rxg5 h6 Rg3 Nf4 Ke3 Qf6 Rag1 Nd5 Nxd5 Bxd5 exd5 Qf4 Ke2 Qf5 Rxg7 Re8 Nh4 Qxh3 Nf5 Qxf5 Rxc7 e4 dxe4 Qxe4 Qe3 Qxd5 Qxe8 Kxe8 Rc8 Kd7 Rxh8 Qe5 Kd3 Qxh8 Rg6 Qb8 Rxh6 Qxb2 Rh7 Kc6 Kc4 Qxa2 Kc3 Qa5 Kd3 Qb5 Kd2 a5 Rh4 a4 Rh3 c4 Rc3 Qd5 Kc1 Qc5 Kd2 a3 Kc1 a2 Kb2 Qd4 f4 Kb5 f5 Kb4 f6 Qxc3 Kxa2 Qxc2 Ka1 Qa4 Kb2 Qa3 Kc2 Qb3 Kd2 Qc3 Ke2 Qxf6 Kd2 c3 Kc2 Qd4 Kc1 Qd2 Kb1 Kb3 Ka1 Qa2
2021.03.27,Qrohn,1741,DNiBalk,1294,1,1,1,Bongcloud Attack,e4 e5 Ke2 Ke7 Ke1 Ke8 Ke2 Ke7 Nc3 Nf6 Nf3 c6 d4 Qb6 b3 Ng4 Nxe5 Nxe5 dxe5 f6 Ba3 c5 exf6 gxf6 Nd5 Kd8 Nxb6 axb6 Bb2 d6 Bxf6 Kd7 Bxh8
2021.03.27,DNiBalk,1290,Qrohn,1743,1,1,1,Bongcloud Attack,e4 e5 Ke2 Ke7 Ke3 Ke6 Ke2 d5 exd5 Kxd5 Nc3 Kd4 Nf3 Kc5 d3 Bg4 Be3 Kc6 Ne4 Nf6 Nxf6 gxf6 h3 Bh5 g4 Bg6 c4 Bb4 Qa4 Kd6 Qxb4 Kd7 Qxb7 Nc6 Qb5 Rb8 Qd5 Ke7 Qxd8 Rhxd8 b3 Bxd3 Ke1 Nb4 Bxd3 Rxd3 Ke2 Rbd8 Rhd1 Rxd1 Rxd1 Rxd1 Kxd1 Nxa2 Bxa7 Nc3 Kc2 Ne4 h4 c5 g5 fxg5 Nxg5 Nxg5 hxg5 Ke6 Bxc5 Kf5 b4 Kxg5 b5 h5 b6 h4 b7 h3 b8=Q h2 Qxe5 Kg4 Qxh2
2021.03.27,Qrohn,1728,DNiBalk,1347,1,1,1,Bongcloud Attack,e4 e5 Ke2 Ke7 f4 f5 fxe5 fxe4 d4 d5 Ke3 Ke6 Nc3 Qg5 Kf2 Qh4 g3 Qh6 Bxh6 Nxh6 Bh3 Nf5 Qh5 g6 Bxf5 gxf5 Qe8 Be7 Qxh8 Nc6 Nge2 b6 Qxh7 Bb7 Nf4 Kd7 e6 Kd6 Nb5
2021.03.27,MFLudder1111,1010,enderbar,951,1,1,1,Bongcloud Attack,e4 e5 Ke2 Ke7 Nf3 Nc6 Nc3 f6 d4 exd4 Nxd4 Kf7 Ke1 Bc5 Bc4 d5 Qh5 g6 Bxd5 Qxd5 Qxd5 Be6 Qd7 Bxd7 Ke2 Nxd4 Kd3 Rd8 Bf4 f5 Rhe1 Nf6 e5 Ne4 e6 Bxe6 Nxe4 fxe4 Rxe4 Bd5 Bg5 Rde8 Re7 Rxe7 Bxe7 Re8 c3 Rxe7 cxd4 Re8 dxc5 Rd8 Rd1 Bb3 Ke2 Rxd1 axb3 Rb1 Kd2 Rxb2 Kc3 Rxf2 g3 Rxh2 b4 Ke6 Kc4 Kf5 g4 Kg5 b5 Kxg4 c6 bxc6 bxc6 h6 Kd5 h5 Ke6 h4 Kd7 Rb2 Kxc7 Rb6 Kd8 Rxc6 Kd7 Rf6 Ke7 Ra6 Kd7 Kf5 Ke7 Ke5 Kf7 g5 Kg7 h3 Kf7 h2 Ke7 h1=Q Kd7 Qd5 Ke8 Qb5 Ke7 Qb7 Ke8 Rc6 Kd8 Rc8
2021.03.27,janner,940,Erik-2D,912,1,1,1,Bongcloud Attack,e4 e5 Ke2 Ke7 Nf3 Nc6 d4 d6 dxe5 dxe5 Qxd8 Kxd8 Bg5 f6 Be3 Bb4 c3 Bxc3 bxc3 Bg4 Na3 b5 Nxb5 Rb8 Nxa7 Rb2 Bd2 Nd4 Ke3 Ne7 Nxd4 exd4 cxd4 f5 f3 fxe4 fxe4 Re8 Kf4 h5 Ba5 Ng6 Kg5 Re6 Bc4 Rxe4 Nc6 Kd7 Nb8 Kc8 Na6 Rxd4 Rae1 Rxc4 Re8 Kb7 Nxc7 Rc6 Rd1 Rb5 Rd5 Rxd5 Nxd5 Ka6 h3 Kxa5 hxg4 Rc5 Ra8 Kb5 Rb8 Kc6 Rd8 Ne5 Nb4 Kb5 Rb8 Kc4 Kf4 Nxg4 a4 g6 Rb5 Rxb5 axb5 Kxb4 b6 Nf6 b7 Nd7 Kg5 Kc5 Kxg6 Kc6 Kxh5 Kxb7 g3 Kc6 g4 Kd6 g5 Ke6 g6 Kf6 Kh6 Nf8 g7 Ng6 g8=Q
2021.03.27,davis1989,1698,thebus23,2012,1,1,1,Bongcloud Attack,e4 e5 Ke2 Ke7 Ke1 Ke8 Ke2 Ke7 Nf3 d6 Nc3 c6 d3 f6 g4 Bxg4 h3 Bh5 Rg1 Nd7 Rg5 Qe8 Rg3 Nc5 Be3 Ne6 d4 Rd8 d5 Ng5 Bxa7 Nh6 Bb6 Rc8 a4 f5 Rxg5 Kd7 dxc6 bxc6 a5 Be7 Rxg7 Qf8 Rxe7 Kxe7 a6 fxe4 a7 Bxf3 Ke1 Bxd1 Rxd1 Qf3 Ba6 Nf5 Kd2 Nd4 Kc1 Qxf2 Rxd4 exd4 Bxc8 Rxc8 Nxe4 Qe1
2021.03.27,davis1989,1695,thebus23,2015,1,1,1,Bongcloud Attack,e4 e5 Ke2 Ke7 Nc3 c6 b4 Qb6 a3 Nf6 Na4 Qd4 d3 Qxa1 Nc5 Qd4 Nf3 Nxe4 Nxe4 Qd5 Bb2 f6 c4 Qe6 Nc5 Qf7 g3 d6 Ne4 Bg4 Bg2 Qh5 d4 f5 Nxd6 e4 Ke3 g6 Nxf5 gxf5 Qb3 Bh6 Ke2 exf3 Kf1 fxg2 Kxg2 Bh3 Kg1 Qe2 Qe3 Bxe3 fxe3 Qg2
2021.03.27,manulashavindra,1166,Mega314,1172,1,1,1,Bongcloud Attack,e4 e5 Ke2 Ke7 Nf3 Nc6 Nc3 Nf6 h3 d5 exd5 Nxd5 Nxd5 Qxd5 b3 Qe4
2021.03.27,GabrielSGarcia111,1163,yousurff,1109,1,1,1,Bongcloud Attack,e4 e5 Ke2 Ke7 f3 Nc6 Nc3 Ke8 g3 Nf6 d3 Bc5 Be3 Bxe3 Kxe3 Ke7 f4 Re8 Nf3 exf4 Kxf4 Nh5 Ke3 d6 Nh4 Kf8 Qxh5 d5 Nxd5 g6 Qxh7 Ne7 Nf6 c6 Qh8 Ng8 Qxg8 Ke7 Nxe8 Qxe8 Qxe8 Kxe8 Bg2 Bg4 h3 Be6 c4 Rd8 Rad1 c5 d4 cxd4 Rxd4 b5 Rhd1 Rxd4 Rxd4 bxc4 a4 c3 bxc3 Bb3 a5 Bc2 e5 Bb3 Bc6 Ke7 Nf3 Ke6 Kf4 Ke7 Ng5 Kf8 Rd7 Ke8 e6 Kf8 Rxf7 Kg8 Rd7 Bxe6 Nxe6 Kh8 Kg5 Kg8 Kxg6 Kh8
2021.03.27,Ghostier,1729,Pedro712,1767,1,1,1,Bongcloud Attack,e4 e5 Ke2 Ke7 Ke1 Ke8 Ke2 Nc6 Nf3 Bc5 Nc3 d6 Ke1 Bg4 Be2 Nf6 h3 Bh5 g4 Bg6 d3 h5 g5 Nd7 h4 Nb6 Be3 Bxe3 fxe3 Qd7 Nd2 f5 Rf1 fxe4 Ncxe4 Ke7 c3 Rhf8 Qb3 Rxf1 Kxf1 Rf8 Ke1 Bf7 c4 d5 Nc5 Qh3 Nxb7 Qxh4 Kd1 dxc4 Qa3 Ke8 Kc2 cxd3 Bxd3 Nc4 Bxc4 Bxc4 Qc3 Nb4 Qxb4 Bd3 Kxd3 Qxb4 Nd8
2021.03.27,Lelynxdubengal,1077,Vittolediable,1107,1,1,1,Bongcloud Attack,e4 e5 Ke2 Ke7 Ke3 Ke6 Kd3 Kd6 Kc4 Nf6 Kb5 c6 Kc4 Qb6 Qh5 g6 Qxh7 Qd4 Kb3 Kc7 Qxh8 Qb4
2021.03.28,MoneyPhone,854,nkdamn,889,1,1,1,Bongcloud Attack,e4 e5 Ke2 Ke7 Kd3 Ke8 Kc4 d6 d4 exd4 Kxd4 Qf6 Kc4 Be6 Kb5 a6 Kb4 Nc6 Ka4 Qd4 Qxd4 Nxd4 Be3 Nxc2 Bxa6 bxa6 Ka5 Nxa1 Nc3 Nf6 Nh3 Nc2 Bd4 Nxd4 Nb5 axb5 Kb4 Nc2 Kxb5 Nd4 Kb4 c5 Kc3 Ne2 Kd3 Nd4 Nf4 Rxa2 Nxe6 fxe6 Kc3 Ra3 bxa3 Nb5 Kc4 Nxa3 Kb3 Nb5 Ra1 Nd4 Kc4 Nxe4 Ra8 Ke7 Rc8 Ne2 f3 Nd2 Kb5 Nd4 Kb6 Nc4 Kc7 Na5 Rb8 Nac6 Rb7 Nd8 Kc8 Ke8 Rd7 N8c6 Rxd6 Bxd6 Kb7 Kd7 Kb6 Bc7 Kxc5 Bd6 Kb6 Rb8 Ka6 Nb4 Ka7 Kc7 f4 Bc5
2021.03.28,BaderBombs,2217,ivarcode,2028,1,1,1,Bongcloud Attack,e4 e5 Ke2 Ke7 Nc3 c6 d4 d6 Nf3 Bg4 g3 Nf6 Bg2 Nbd7 Re1 Qb6 Be3 Qa6 Qd3 Qxd3 cxd3 Re8 Kf1 Kd8 Ng5 h6 Nxf7 Kc7 Nxh8 Be7 Ng6 Bd8 dxe5 dxe5 d4 Be6 d5 cxd5 exd5 Bf5 Nh4 Bh7 Nb5 Kb8 Bxa7 Ka8 Be3 Bd3 Kg1 Bxb5 a4 Ba6 b4 b6 b5 Bb7 a5 Kb8 Red1 Nc5 axb6 Bxb6 Nf5 Ncd7 Nd6 Re7 Nxb7 Kxb7 d6
2021.03.28,ivarcode,2025,BaderBombs,2220,1,1,1,Bongcloud Attack,e4 e5 Ke2 Ke7 Nf3 Nc6 d4 d6 Bg5 f6 Be3 Nxd4 Bxd4 exd4 Qxd4 Be6 Nc3 Kf7 Rd1 Ne7 Kd2 Nc6 Qd3 Be7 h4 Ne5 Nxe5 dxe5 Kc1 Qxd3 Bxd3 c6 g3 Rhd8 f4 Ke8 f5 Bf7 g4 b5 Rhg1 b4 Ne2 Bc5 Rg2 Be3 Kb1 c5 Bb5 Ke7 Rxd8 Rxd8 b3 Rd1 Kb2 Rd2 Rg3 Bf2 Rf3 Bxh4 Rh3 Bf2 Rxh7 Kf8 Rh8 Ke7 Rc8
2021.03.28,CHESS_YouTube_Coach,1095,FunkyPandey,1136,1,1,1,Bongcloud Attack,e4 e5 Ke2 Ke7 Kf3 Kf6 Kg3 Kg5 Nc3 Nf6 d4 Kg6 Kh4 h6 Qd2 Kh7 Bd3 exd4 Nd5 Nxd5 Kh5 g6 Kg4 d6 Kg3 Qd7 Ne2 Qg4
2021.03.28,Aidan_Phan,1077,stimuly,1248,1,1,1,Bongcloud Attack,e4 e5 Ke2 Ke7 Qe1 Qe8 Kd1 Kd8 Nf3 Nf6 Bc4 Nxe4 Qxe4 Nc6 Ng5 a5 Nxf7 Ke7 Nxh8 Nb4 Qh4 Kd6 Nf7 Kc5 b3 Ra6 Bxa6 bxa6 Ng5 d5 Nc3 Be7 Qg3 h6 Nf3 e4 Ne5 Bf6 Ba3 Bxe5 Qxg7 Bxc3 Qxc3 Kd6 Bxb4 Kd7 Bxa5 Ke7 Qxc7 Kf6 Bc3 Ke6 Re1 Qd7 Qxd7 Bxd7 f3 h5 fxe4 dxe4 Rxe4 Kf7 d4 Bf5 Rf4 Kf6 d5 Kg5 Rxf5 Kxf5 d6 Ke6 Bb4 a5 Ba3 Kd7 c4 h4 c5 Kc6 b4 a4 Rb1 h3 gxh3 Kd5 b5 Ke6 c6 Kf7 c7 Ke6 c8=Q
2021.03.28,Subhajit2021,1533,amirmoti,1643,1,1,1,Bongcloud Attack,e4 e5 Ke2 Ke7 Ke1 Ke8 Nf3 Nc6 Bc4 Nf6 Nc3 Bc5 Ng5 d5 exd5 Nxd5 Nxf7 Qf6 Qe2 Nxc3 dxc3 Rf8 Bg5 Qf5 g4 Qg6 Nxe5 Bxf2 Kd1 Qxg5 Nxc6 Be3 Re1 Bxg4
2021.03.28,vennyice,2051,ajetm,2217,1,1,1,Bongcloud Attack,e4 e5 Ke2 Ke7 g3 g6 Kf3 Bg7 Bc4 Nf6 d3 d6 Kg2 Re8 h3 h6 Nf3 Kf8 Nc3 c6 Ne2 Be6 Bxe6 Rxe6 c4 c5 Rb1 a5 a3 Nc6 Bd2 Kg8 Qc1 Kh7 b4 axb4 axb4 Ra2 b5 Nd4 Nexd4 exd4 g4 Nd7 g5 h5 Bf4 Ne5 Bxe5 Bxe5 Nxe5 Rxe5 Ra1 Rxa1 Qxa1 Qxg5 Kf1 Qd2 Qb1 f5 f3 fxe4 dxe4 d3 Rg1 Qe2
2021.03.28,SuperBadPlayer00,617,Yenilmekyok,695,1,1,1,Bongcloud Attack,e4 e5 Ke2 Ke7 Ke3 Ke6 Kf3 Kf6 Kg4 Kg6 Kg3 Qg5 Qg4 Qxg4 Kxg4 f5 Kf3 f4 Ke2 f3 Kd3 Bc5 Kc4 b6
2021.03.28,akansukerem,948,okej7,1054,1,1,1,Bongcloud Attack,e4 e5 Ke2 Ke7 Ke1 Ke8 Ke2 Ke7 Ke1 Ke8 Ke2 Ke7 Ke1 Ke8 Ke2 Ke7 Ke1 Ke8 Ke2 Ke7
2021.03.28,NKoreaFanboy,636,nurlanbabayev,629,1,1,1,Bongcloud Attack,e4 e5 Ke2 Ke7 Ke1 Ke8 Ke2 Ke7 Ke1 Ke8 Ke2 Ke7
2021.03.28,aphlee,1322,BongCloud1337,1254,1,1,1,Bongcloud Attack,e4 e5 Ke2 Ke7 Ke3 Qe8 d3 Kd8 g3 Nc6 Bg2 f5 Nc3 g5 Nge2 f4 gxf4 gxf4 Kf3 Nd4 Kg4 d6 Kg5 Be7
2021.03.28,DumaSlaska,2229,Gedeon777,1772,1,1,1,Bongcloud Attack,e4 e5 Ke2 Ke7 Ke1 Ke8 Ke2 Ke7 d4 exd4 Qxd4 Ke8 Nc3 b6 Be3 Bb7 Re1 c5 Qd2 Ba6 Kd1 Bxf1 Rxf1 Nc6 f3 f6 Nge2 Qc7 Nf4 Qd6 Nfd5 Nb4 Nb5 Qb8 Nbc7 Kf7 Nxa8 Nxd5 Qxd5 Kg6 g4 Ne7 Qh5
2021.03.28,Commenacatapulta,600,Swooze,611,1,1,1,Bongcloud Attack,e4 e5 Ke2 Ke7 f3 Nf6 g4 g5 Bh3 d5 Kd3 dxe4 Kc3 exf3 Kc4 Bxg4 Ne2 fxe2 Rf1 exd1=Q Nc3 Qxf1 Kb4 Qxh3 Nd5 Nxd5 Kb5 Qxh2 Ka5 Qh1 d4 exd4 Bf4 Nxf4 c3 dxc3 b4 c2 a4 Qxa1 b5 b6 Kb4 c1=Q Kb3 Qcb1 Kc4 Qd5
2021.03.29,SmokingBongCloud,1066,sorrato,1124,1,1,1,Bongcloud Attack,e4 e5 Ke2 Ke7 Nf3 Nc6 Nc3 f5 exf5 d6 d3 Bxf5 Bg5
2021.03.29,Jaime_Garcia-CBC,1473,Leoherrerodopacio_LA,644,1,1,1,Bongcloud Attack,e4 e5 Ke2 Ke7 Ke1 Ke8 Ke2 Ke7 Nc3 Nc6 Ke1 Ke8 f4 f5 fxe5 fxe4 Nxe4 Nxe5 Qh5 Ke7 Qxe5 Kf7 Bc4 Kg6 Qg5 Qxg5 Nxg5 Kf5 Nf7 h5 Nxh8 Nf6 Nf7 Kg4 Ne5 Kf4 Ngf3 Ke4 d3 Kf5 Rf1 Ng4 Nxg4 h4 Ne3 Kf4 Nxh4 Kg5 Rxf8 Kxh4 Nf5 Kh5 Ne7 Kg4 Rxc8 Rb8 Rxb8 a5 Rxb7 a4 Rxc7 g5 Rxd7 Kh4 Rd4 g4 h3 Kg3 Rxg4 Kh2 Bf4 Kg1 Kd2 Kf2 Bd5 a3 Be3
2021.03.29,DrSefa,1678,Ole28,1685,1,1,1,Bongcloud Attack,e4 e5 Ke2 Ke7 Ke1 Ke8 Ke2 Ke7 Ke1 Ke8 Nf3 Nc6 Ke2 Ke7 Ke1 Ke8 Bc4 f6 Ke2 d6 Ke1 Qe7 Nc3 Bg4 Nd5 Qd7 h3 Bxf3 Qxf3 Nd4 Qd3 c6 Nc3 b5 Bb3 a5 a3 Nxb3 cxb3 Ne7 Ne2 Ng6 g3 Be7 Ng1 Kf7 Nf3 d5 exd5 Qxd5 Qxd5 cxd5 d3 b4 Bd2 Rhb8 a4 Rc8 Rc1 Rxc1 Bxc1 Rc8 Kd1 Bc5 Rf1 e4 Ne1 Ne5 d4 Bxd4 Nc2 Nd3 Nxd4 Rxc1 Ke2 Rxf1 Kxf1 Nxb2 Nc6 Ke6 Nxa5 d4 Ke2 d3 Kd2 Kd5 Kc1 Kd4 Kxb2 e3 fxe3 Kxe3 Nc4 Ke2 Kc1 g5 a5 h5 a6 h4 g4 d2 Nxd2
2021.03.29,Potkanobijec,1241,jonasoos,1244,1,1,1,Bongcloud Attack,e4 e5 Ke2 Ke7 Ke1 Ke8 Ke2 Ke7 Ke1 Ke8 Ke2 Nf6 d3 d5 f3 dxe4 fxe4 Bc5 Be3 Bxe3 Kxe3 Qd4 Ke2 Bg4 Nf3 Nc6 h3 Bxf3 gxf3 Nh5 c3 Nf4 Ke1 Qe3 Be2 Nxe2 Qxe2 Qxe2 Kxe2 Rd8 Na3 a6 Nc4 b5 Nxe5 Nxe5 Rag1 g6 f4 Nc6 d4 Kf8 d5 Na5 b4 Nc4 Kd3 c6 h4 cxd5 exd5 Rxd5 Ke4 Rd2 Ra1 f5 Kf3 Kg7 Rhd1 Rxd1 Rxd1 Ra8 Rd7 Kh6 Kg3 a5 bxa5 Rxa5 Rd5 Rxa2 Rxb5 Rc2 Rb3 Nd2 Ra3 Kh5 Kh3 h6 Kg3 g5 fxg5 hxg5 hxg5 Kxg5 Kf2 Ne4 Ke3 Nf6 Kd3 Rh2 c4 f4 Kd4 f3 Rxf3 Rd2 Rd3 Rxd3 Kxd3 Nd7 Kd4 Kf6 Kd5 Ke7 c5 Nxc5
2021.03.29,adri_dcdm,1145,mholy,1109,1,1,1,Bongcloud Attack,e4 e5 Ke2 Ke7 Nf3 Nc6 Nc3 Nf6 d3 d6 Bg5 Bg4 h3 h6 Bh4 Bh5 g4 g5 Bg3 Bg6 Bg2 Bg7 Nd2
2021.03.29,Gudetamwa,1143,papi4526,1155,1,1,1,Bongcloud Attack,e4 e5 Ke2 Ke7 Ke1 Ke8 Ke2 Ke7 Ke1 Ke8 Ke2 Ke7
2021.03.30,krishna20,1501,pmoneymoney,1475,1,1,1,Bongcloud Attack,e4 e5 Ke2 Ke7 Nc3 f6 d4 d6 dxe5 dxe5 Nd5 Kf7 Nf3 b6 Ke1 Bc5 Bc4 Kf8 Nxe5 fxe5 Qf3 Nf6 Nxf6 Qxf6 Qxf6 gxf6 Bh6 Ke7 Ke2 Nc6 f4 Bg4 Kd2 Rad8 Kc3 Bd4 Kb3 Na5 Kb4 Bc5 Kb5 a6 Kxa6 Nxc4 fxe5 Ra8 Kb5 Nxe5 Rhf1 Be2 c4 Bxc4
2021.03.30,akansukerem,966,adarshapro,1000,1,1,1,Bongcloud Attack,e4 e5 Ke2 Ke7 Ke1 Ke8 Ke2 Ke7 Ke1 Ke8 Ke2 Ke7 Ke1 Ke8 Ke2 Ke7 Ke1 Ke8 Ke2 Ke7
2021.03.30,Super_Nova_Cat,1690,natrihidroxit,1649,1,1,1,Bongcloud Attack,e4 e5 Ke2 Ke7 Ke3 Ke6 g4 g5 Kf3 Kf6 Nh3 Nh6 d4 Nc6 Bxg5 Ke6 Bxd8 Nxd8 dxe5
2021.03.30,emiralpvarol,1229,troiasatranc,1298,1,1,1,Bongcloud Attack,e4 e5 Ke2 Ke7 Ke1 Ke8 Bc4 Bc5 Qh5 Qf6 Ke2 Qxf2 Kd1 d5 exd5 Nf6 Qxe5 Be7 Bb5 Bd7 Nc3 Bxb5 Nxb5 Nxd5 Nxc7 Kf8 Nxa8 Nc6 Nc7 Nxe5
2021.03.30,frotis-man,1165,robin30svensson,1119,1,1,1,Bongcloud Attack,e4 e5 Ke2 Ke7 Nc3 Nc6 f3 Ke8 Kf2 Bc5 Ke2 Nge7 d3 d6 Be3 Bb6 Kf2 d5 Nge2 d4 Bg5 dxc3 Be3 Bxe3 Kxe3 cxb2 Rb1 Qd4 Nxd4 Nxd4 Rxb2 Be6 Rxb7
2021.03.30,Rshow,1016,wyngless,897,1,1,1,Bongcloud Attack,e4 e5 Ke2 Ke7 Nc3 Nc6 Nf3 Nf6 g3 b6 Bh3 d6 d4 Bxh3 dxe5 dxe5 Qxd8 Rxd8 Bg5 Nb4 Bxf6 Kxf6 Rac1 c5 a3 Nxc2 Rxc2 c4 Nd5 Ke6 Ng5 Kd6 Nxh3
2021.03.30,maily_dextre,1306,Albert3004,1178,1,1,1,Bongcloud Attack,e4 e5 Ke2 Ke7 Qe1 Qe8 Nc3 Nc6 h3 h6 g4 g5 b4 b5 Bb2 Bb7 d3 d6
2021.03.30,matias_cheva,2007,tankeroldan,1830,1,1,1,Bongcloud Attack,e4 e5 Ke2 Ke7 f3 d5 d3 dxe4 dxe4 Qxd1 Kxd1 Nc6 Nc3 Be6 Bb5 Rd8 Ke2 Nd4 Ke3 Nxb5 Nxb5 Rd1 Ke2 Rd7 b3 a6 Nc3 Nf6 Be3 Ke8 g4 h6 h4 Bb4 Na4 b5 Nc5 Rd8 Nxe6 fxe6 a3 Bc3 Rb1 a5 a4 b4 Nh3 Nh7 Nf2 Rg8 Rhd1 Kf7 Bd2 Rxd2 Rxd2 Bxd2 Kxd2 Rd8 Nd3 g5 h5 Nf8 Ke3 Kf6 Nc5 Nd7 Rd1 Ke7 Nb7 Rb8 Nxa5 Rb6 Nc4 Rc6 Rxd7 Kxd7 Nxe5 Kd6 Nxc6 Kxc6 Kd4 Kd6 Kc4 c5 Kb5 Ke5 a5 Kf4 a6 Kxf3 a7 Kxe4 a8=Q Kf4 Kxc5 Kxg4 Qh1 e5 Kxb4 e4 Kc4 e3 Kd3 Kg3 Kxe3 g4 Qg1 Kh4 Qxg4 Kxg4 Kf2
2021.03.30,tankeroldan,1827,matias_cheva,2010,1,1,1,Bongcloud Attack,e4 e5 Ke2 Ke7 Nf3 f6 d4 d6 dxe5 dxe5 Qxd8 Kxd8 Nc3 Nc6 Be3 Bg4 a3 Bd6 h3 Bxf3 gxf3 g5 h4 Be7 hxg5 fxg5 Rg1 h6 Bh3 Bf6 Rad1 Ke8 Bd7 Ke7 Bc5 Kf7 Bxc6 bxc6 Rd7 Ne7 Rxc7 Rab8 b4 a5 Na4 axb4 axb4 Ke6 Nb6 h5 Nd7 Rbc8 Rb7 h4 Nxf6 h3 Ng4 Ng6 Nh2 Nh4 Rxg5 Nxf3 Nxf3 h2 Nxh2 Rxh2 Rg6
2021.03.31,Safrone07,1357,Vladislav_zt,1324,1,1,1,Bongcloud Attack,e4 e5 Ke2 Ke7 Nf3 Nc6 Nc3 Nf6 b4 Nd4 Nxd4 exd4 Nd5 Ke8 Nxf6 gxf6 Bb2 d6 Bxd4 Bg4 f3 Bh5 g4 Bg6 h4 h5 gxh5 Bxh5 Bh3 f5 Bxf5 Rg8 Rg1 Rxg1 Qxg1 Qxh4 Bxa7 Rxa7 Qxa7 Be7 Qb8 Bd8 Qxb7 Qh2 Ke3 Bg5 Kd3 Qxd2 Kc4 Qxc2 Kb5 Qd3 Ka4 Qc2 Ka5 Bd8 Qb5 c6 Qb6 Bxb6 Kxb6 Qf2 Kxc6 Qxf3 Rh1 Qxh1 Bg6 Bxg6
2021.03.31,bongclouddraw,1358,ele1997,1367,1,1,1,Bongcloud Attack,e4 e5 Ke2 Ke7 Ke1 Ke8 Ke2 Ke7 Ke1 Ke8 Ke2 Ke7
2021.03.31,ele1997,1367,bongclouddraw,1358,1,1,1,Bongcloud Attack,e4 e5 Ke2 Ke7 Ke1 Ke6 Ke2 Kd6 Kd3 Ke6 Ke3 Kd6 Kd3 Ke6 Ke3 Kd6 Kd3
2021.03.31,batviktor,885,Tiger26401,903,1,1,1,Bongcloud Attack,e4 e5 Ke2 Ke7 Nc3 Ke8 Ke1 Ke7 Nf3 Ke8 Bc4 Ke7 Ke2 Ke8 Nxe5 Ke7 Ke1 Ke8 Ke2 Ke7 Ke1 Ke8 Ke2
2021.03.31,Josebasam,1295,frtdmrky,1293,1,1,1,Bongcloud Attack,e4 e5 Ke2 Ke7 Kf3 Ke8 Kg4 d5 Kh5 g6
2021.03.31,FoxxLi,1196,Simon1307,1110,1,1,1,Bongcloud Attack,e4 e5 Ke2 Ke7 Nc3 Nf6 Nf3 Nc6 d3 Ke8 Be3 Bd6 g3 Bb4 a3 Bxc3 bxc3 d5 exd5 Nxd5 Bg5 Nxc3 Kd2 Qxg5 Nxg5 Nxd1 Rxd1 f6 Ne6 Nd4 Nxd4 exd4 Re1 Kf7 Bh3 Bxh3 Re4 Rad8 f4 Bf5 Re3 Rhe8 Rxe8 Rxe8 Kc1 a5 Kb2 c5 Kb3 b5 c4 Be6 Re1 bxc4 dxc4 Bxc4 Kxc4 Rxe1 Kxc5 d3 Kb5 d2 Kxa5 d1=Q Kb5 Qb1 Ka4 Re4 Ka5 Qb4 Ka6 Re6 Ka7 Qe7 Ka8 Qxa3 Kb8 Qf8 Kb7 Re8 Kc6 Ke6 g4 Qd6 Kb5 Rc8 f5 Ke5 h3 Qc6 Kb4 Rb8 Ka3 Qa6
2021.03.31,hilfigertout,1480,Eibol,1511,1,1,1,Bongcloud Attack,e4 e5 Ke2 Ke7 Qe1 Ke8 Kd1 Nc6 Nc3 Bd6 Nf3 Nf6 Bb5 a6 Bxc6 dxc6 d3 Be6 b3 h6 Bb2 b5 d4 exd4 Nxd4 Bg4 f3 Bh5 Nf5 Qd7 Kc1 g6 Ng7 Kf8 Nxh5 Nxh5 g4 Nf4 e5 Be7 e6 Qxe6 Ne4 Rg8 a4 Rd8 axb5 cxb5 Rxa6 Qxa6 Ng3 Bg5 Qb4 Qd6 Qa5 Qd2 Kb1 Qxa5 c3 Nd3 b4 Qa4 Ba1 Ra8 Bb2 Nxb2 Kxb2 Qa2
2021.03.31,Hatkekhel,1165,calandria98,1215,1,1,1,Bongcloud Attack,e4 e5 Ke2 Ke7 d3 Nf6 Kd2 Nc6 Qe1 d6 Kd1 Bg4 f3 Be6 Nc3 g6 g4 Qd7 g5 Nh5 h4 Re8 Nd5 Kd8 Nf6 Nxf6 gxf6 Kc8 Nh3 d5 Ng5 dxe4 Nxe4 Bd5 Bh3 Be6 Nc5 Bxc5 Bxe6 Qxe6 Bg5 h6 Be3 Bxe3 Qxe3 Qxf6 Kd2 e4 fxe4 Kb8 Raf1 Qxb2 Rxf7 Nb4 Rc1 Qxa2 Rxc7 Kxc7 Qc5 Kb8 Qxb4 g5 Rb1 b6 hxg5 hxg5 Qd6 Kb7 Qd7 Ka6 Qb5 Kb7 Qd7 Ka8
2021.03.31,diabito,1189,SeelestialX,1380,1,1,1,Bongcloud Attack,e4 e5 Ke2 Ke7 Ke1 Ke8 Nc3 d6 Nf3 Nc6 d4 exd4 Nxd4 Nxd4 Qxd4 Be6 h3 Be7 Qxg7 Bf6 Qg3 Ne7 Qf3 Qd7 Qxf6
